,PC1,PC2,PC3,PC4,PC5,PC6,PC7,PC8,PC9,PC10,PC11,PC12,PC13,PC14,PC15,PC16,PC17,PC18,PC19,PC20,PC21,PC22,PC23,PC24,PC25,PC26,PC27,PC28,PC29,PC30,PC31,PC32,PC33,PC34,PC35,PC36,PC37,PC38,PC39,PC40,PC41,PC42,PC43,PC44,PC45,PC46,PC47,PC48,PC49,PC50,PC51
ALGO,0.2868655946440526,0.07700393571886592,0.0941071271024167,-0.012748055001596084,-0.01131067607305361,-0.005321392122638502,-0.016060321359204377,-0.014606283824224745,0.004306214209258852,0.03189356346615635,-0.01753981294807941,0.028483857058471472,-0.016946354123368687,-0.004937283839077406,-0.0001380719002890578,0.030204905673025303,0.013042843079996905,0.01569737621067665,-0.00011221272851256226,-0.001430492335344477,0.001247287760436668,0.03897729473363869,0.020901797464160203,-0.03560165225943799,2.532748394609606e-05,-0.015342339412340703,-0.030673362658350835,-0.019596144146328147,0.01238748402340447,0.015550647629159878,-0.016100530658287367,-0.030474395586018103,0.01082720113148815,-0.020470466395353246,0.004720213030851731,-0.004439409597545034,0.006467140427107219,0.008523474732971678,-0.013878717108397911,-0.02507179413628676,0.011680839845673982,0.005347143482113186,-0.024781322671304735,-0.03459584411746195,-0.003617450683831521,-0.0015865745594599164,-0.017748056984701027,0.016601421487313906,0.021170949950694296,-0.0054690367106111784,0.9420149927069018
AENO,0.15442801381184168,-0.14309622382063172,0.022199196416751832,-0.06539173471307555,0.19356587380651008,-0.013296634787707434,0.13894145711716122,0.14193664448810692,0.19787321078280887,0.03173030443786924,0.1049648862652244,0.1074222843418194,0.06296949487709859,-0.10775984497170406,0.042433194926210525,0.20262776893944048,-0.1258800795221022,0.11163610197211567,0.04576602761355346,0.08668144668080709,-0.04702122014902737,-0.06480634659853303,-0.014157847689106193,0.2169099844041411,-0.21170857061497936,-0.0070304327050063785,-0.22187238254015593,-0.016207955785997027,-0.19771744306080719,-0.22651286479667704,-0.24443668021892004,-0.005667243599585816,0.10229638440674987,0.2160337555437868,-0.01291440246441172,0.13406453902447807,-0.12213617062622294,-0.2051277118889476,0.11473839349790223,-0.3202433833789154,0.13194358047080038,0.0030737688219010296,0.2393699925815859,0.06776882201248922,0.1256661035082663,-0.11861017271772058,0.16191428537812316,0.07305580384468727,0.106785202453518,0.12512903792192545,-0.02764458397659053
LSST,0.13904876114190834,-0.1476734319405678,0.049996316288523746,-0.044040797462922616,0.10174773900682899,0.011901724655538223,-0.20247343323329736,0.07113179757761053,-0.3076809281977002,-0.11822424712731115,-0.00019067506627935826,-0.017898060016262582,0.0838385194512665,-0.18769514797032938,0.26951459814053236,-0.056324206859989775,0.14103571568331685,-0.022696530847948954,-0.11602322573680084,0.038992300182316794,0.15634745317037888,-0.0707124501023601,-0.11575515740308676,-0.3076198806629685,-0.09657393456099692,0.05001432061808766,-0.0249219727085902,0.3262991982744165,-0.044412802806231555,0.014554255451574925,0.08012872962294529,0.028235325047398924,0.20498646898496337,0.026760700365495438,-0.03680703634958746,0.17527257263615675,-0.3099235425047901,0.29905874893465206,0.03136687807044176,0.06508155338231988,0.1361511425701103,0.04940274607281516,0.02773537669740602,0.016806544837935006,-0.016694682513783823,0.06433998261474054,0.045593774164041395,0.14240411465403208,0.2233562599766837,0.0659168842951874,-0.03306705429828073
SRNA,0.16622010594146142,-0.14679417904087766,0.027861523460620208,0.23715662839790747,-0.04635227205986012,0.0995286648185997,-0.060849083433871284,-0.030615407406632836,-0.09242649025855475,-0.04319550591738702,0.06391613408457587,-0.03540806929189888,0.1395408373003704,0.04337799126104879,-0.006202211740691391,0.10800071208094553,-0.1653694951138517,-0.052381881285095744,0.018354007928871315,0.07796168543691692,0.0247153332884926,0.02605760536679244,-0.21002489397292695,0.04148708495710332,-0.196753513635277,0.03332409358858312,-0.030724520290066698,-0.14219479879083602,0.20914826517050245,-0.18519321016380716,-0.010660838888297997,0.37346540013296137,0.030753790008840792,0.025527106644387842,-0.023766525129300643,-0.2793720164020231,-0.13911663986670536,0.21038370695841804,0.12425194039344288,-0.2852839198115444,-0.22863341433220133,-0.13032943861025362,-0.15559434483583062,-0.14604755234933797,-0.10457886104334757,0.13388643947339876,-0.07608323508503903,0.07042857808540258,-0.24400840570926235,-0.10258102277327975,-0.03063462078577056
ELLT,0.13228777387436816,0.11410189221518408,-0.08025877089577882,-0.1556659685954227,-0.0693470229172049,0.372816578255773,0.11410192421695413,-0.002421305913780874,0.15437192527764093,-0.003221204274441475,0.11386732550180673,-0.0882278806826016,0.014590214448026495,-0.22005509236431814,0.05364286888980414,-0.08892215803051831,-0.022353522616947515,0.024850924211712033,-0.18355723863706436,0.11885734538211563,-0.03844883269662013,-0.309217416133425,0.11036779805868949,0.004829325270199969,-0.04704677103157615,-0.07624996732082837,-0.03819372741096075,-0.09676439802586694,0.12215883096158647,0.23481625709280224,0.16371272569030132,-0.035127061800031,0.4220516637277974,0.12563721038415082,0.12827184316813448,-0.286303058869532,0.03447075964615477,-0.06708711328150427,-0.13113736211114196,0.0302139055171297,0.06339403252963231,0.03962408250262612,-0.055000395654112716,-0.191648651246298,-0.06130479792826819,-0.10621416887934526,0.14181160084413263,-0.018400423784772343,-0.010390594292681965,-0.06147922340593373,-0.04395336427564556
AMRP,0.1265966370085833,-0.07277890871874725,-0.034181682561742754,-0.2781634319727307,0.02106419019726674,0.16704886308994013,0.17431736635335984,-0.22936891439552343,0.027058824859558753,0.13975126775398083,0.26581033319764635,0.0723516640027343,0.01311824226056954,-0.08812281932930097,0.2194605304069346,0.026814628624281273,-0.12522641041490412,-0.16605663821302705,0.20456863777816903,-0.03423423002336244,0.28847660905377304,0.07208642740303466,0.0007766806470926937,-0.05228637286059064,0.04650884481307739,0.2130690739249087,0.19314085277962925,-0.07423511589355863,0.13734033520540875,0.17347714432972883,-0.22771518015303727,-0.2584258180762422,-0.2336480796129688,-0.0019329910489055274,0.03549865410000132,-0.09533166365798625,-0.07578944596286595,0.12984920811912332,0.052697783497020506,-0.010225860738566989,-0.04075939944581185,-0.03835420224495226,0.12070089760092437,0.11170237377868575,0.16336989411389763,0.1278581737586044,0.027891083659187188,0.07450560377649901,-0.03681389927970602,-0.16685996220833837,-0.035299588945193965
OTCS,0.10102592812712682,-0.12278059723239297,0.047389395172434526,-0.08156836126029604,-0.28970897359482534,0.3297822844784338,-0.16453728823392022,-0.2213502809498315,-0.06188380021174953,0.10832456220384268,-0.22886197246430107,0.059015363630278275,0.07967897807913815,-0.05257254720675419,-0.08162976406450287,-0.13955133658838278,0.11874189494993109,0.03518676745791524,-0.14412039369788787,0.22140767688686186,0.041314665290217295,0.3558164401903689,0.03480603506256061,0.02087602769052188,0.000756814628707462,0.0483026276098628,-0.3941747395561001,0.014526441071801677,0.1309449310554331,-0.07967060867967142,-0.2091942953822868,-0.06051186348662305,-0.08759399625399296,-0.028411533377962067,-0.085318104708304,-0.024689777568576127,0.04230278443312925,-0.03775904583934477,-0.21952512923484763,-0.08114292220574584,0.06863600908083242,0.08191180237184723,-0.021627677187335825,0.08270427335014208,0.03397637035747897,-0.08465273799904531,-0.09708859618461813,-0.10019823529121419,0.0668520548720592,0.12328824372672621,-0.07693855699543717
HETT,0.14304056160404924,-0.09543433485401033,0.10399878758977565,-0.029076160702954823,0.043442084975471584,0.10068717868458671,-0.1438792437448525,0.07192881210837263,-0.18304618470008843,-0.14166182297646765,0.06474844810542184,-0.25216545448240923,-0.18332777911258913,0.15171136464791576,-0.13921690398647138,0.12941148393912238,0.10681878380400958,-0.19382241849492454,-0.22899728658914964,0.07324605042072696,-0.0774902218325882,0.007014322100300549,0.39375902297872994,0.06748383038994868,-0.10490061506668052,0.11846128977343945,0.16716949455031138,0.07350805191576251,-0.2460776626784777,0.03851798447047304,-0.16884496457052034,0.04671267751407707,-0.17643433068450776,-0.08217683168681633,0.17588003192991597,-0.02336227793508787,-0.03670469813091898,0.0029534472330244033,-0.07050824247369081,-0.11262258384028057,-0.16199695456973942,0.2580689134618011,0.02352260637598718,-0.09504534704666008,0.045647741529932145,-0.00536531651429355,0.26363416513139637,-0.050301768637757566,-0.06884856348652879,-0.11139686796927761,-0.03337484616871085
HUXZ,0.14550203983474944,-0.08946767154633717,0.03912173619632681,0.029712061825965752,0.0008593195174115553,0.0051225476206323145,-0.008692194191642064,0.2076475121325481,0.003891463483332684,0.198679289417326,-0.010607406373364964,-0.05864443060322064,0.36325809517014807,-0.2419324679537235,-0.10403719096275607,0.004637328504243268,-0.016692564848153867,-0.057519825183735135,0.32347785922650363,-0.2094379830606992,-0.008306492473888302,0.19319714240371677,0.25552756082693684,-0.13960999432768875,0.05833852072132585,0.1409678957958997,0.18049963885445594,0.04046995448780771,-0.022769648245881062,-0.16586848420293154,0.11526293523103423,0.17773743874577286,0.12912744863375705,0.07932776810363798,-0.17889798941145899,0.0024522549284948236,0.25535976006448097,0.09674073732976474,-0.14084784658167665,0.005816819881349744,0.05575625461992151,0.08037021111077776,0.019245189274104596,0.03033242285469731,0.01128429456306482,-0.19232855805138988,0.11190141373999743,-0.19201227525230152,0.006357982775718474,-0.16772693527323096,-0.034537889231134225
DUCT,0.1650389692215607,-0.10129719895031958,-0.018953385718272917,0.14795161989341324,-0.1773179643185601,0.10171226200201089,-0.0404576055280875,-0.03534516226548917,0.0020399066840748256,-0.013725701779808919,-0.181543967536853,0.26092443722396935,-0.13894263758961561,-0.08669683938299635,0.2624703745818155,-0.12548333809519943,0.05218993116180201,0.03934929412301197,0.05790298190571182,0.08982490275082775,0.05184934246043668,0.01974835429728801,-0.08992757747814092,-0.002801286846448356,-0.0702691976446388,-0.11425478405126736,0.06492924513460518,0.06843894432627842,-0.1347556213644679,-0.0645643912926338,0.007904614948366542,0.02792175934752386,0.02124337566671524,0.20289654229366424,0.16198385046637062,0.1468798143500517,0.39520355617798575,-0.13415608998361245,0.34213205688146225,0.17090159664426077,-0.19543204117534352,0.25605574810008824,-0.01919849049038741,-0.012776561718183088,0.04629372721157504,0.03718021506229963,0.06199980476501074,0.12957850492660028,-0.14042555700885728,-0.21652802320473702,-0.03210229686164665
SMAH,0.1394529692273974,-0.08728616528163752,0.025319339016230572,0.06499190854497922,0.00932477814665822,-0.06975965936288973,0.055342269946377254,0.1836988550592029,-0.12856347268804438,0.3023427360593463,-0.11644896149217704,0.2262877216363166,-0.12532925993780844,0.12961975111242155,0.03814779506798071,-0.2636475881959238,0.2247781582869333,0.07847928532857854,0.13490372593113376,0.1324164841656143,0.14152035591663586,-0.3123508505517678,0.03915170768662346,0.1469858922814493,0.05233461199405216,0.17515611147919452,0.19271369697944118,-0.20310127464032166,0.07221426112190557,-0.20350665622552727,0.052679573825360995,-0.09029448720428018,-0.09414224155565741,-0.10539623531568065,0.15692822950127594,0.002997898225572067,-0.03939912654266144,0.07769368005812366,-0.18880747922058802,-0.1577075733804123,0.07258906658480674,-0.013103536339366315,-0.1943859686832054,-0.12797058333909073,-0.006550651571790477,-0.15353353781892567,0.03275624125691942,0.13541000383636312,0.08552838034913962,0.14990283580880356,-0.04987230107682993
NPCK,0.14409342195648628,-0.16275523291708877,0.016075272737807084,-0.18191675501626753,0.10724608423199539,-0.07309736529536026,0.0032823207423884337,-0.009288995189226913,-0.02422351561642225,-0.24055648679870523,-0.19090049141653262,-0.10593092199841288,0.14660971903383724,0.21216802675327462,0.13680419147918624,0.03831441666117569,0.16522492661778337,0.06730856505279634,0.03932851995081934,0.16240254593618414,-0.04677004662050434,0.02493040364332917,-0.20059071217153113,0.11170835309825622,0.33086811702732716,0.026457562392582262,0.04238488986917363,0.11866498810476828,-0.015998971240409957,0.09206112506867767,0.023566842843567568,-0.26501763569750275,0.055971824997022926,-0.08278343712791014,-0.2755071603824245,-0.12382362818195823,0.18846456313636395,0.02566662263953716,0.14792359492402243,-0.18998424997619773,-0.027963318243088738,-0.1698336155275699,0.10747466239218416,-0.19292828128730038,-0.1580992767274588,-0.16802414291132084,0.19241975469060985,-0.07553436940430278,-0.11983640068987288,-0.06316869838492067,-0.026679065309352646
MSDP,0.14642454086840992,0.12757738460142592,-0.11748094863026792,0.0528992002347079,-0.3710224318084465,-0.2038876688703428,-0.02589914789344057,0.017842933529538918,-0.15270845876258127,-0.15822242526980562,-0.06306457420350284,-0.04618513379071443,0.14869158673924512,0.06927845215804478,0.03931368822967339,0.04303371495100855,-0.023823430138055796,-0.04382865058189754,-0.0017147271345955741,0.05604290165751876,-0.0539392374736348,-0.17710757566002489,0.17727956250080196,0.19164856579544037,-0.12012302525520481,0.09533488207081092,0.030983716133326233,0.005901320741838023,0.03468716408979433,0.06024576059411338,0.05864098323909321,-0.04460298638755761,0.08412308540728396,-0.16698528662065626,-0.21470181122049262,-0.21809874246627525,-0.004813457622868101,-0.0987429176404149,0.2096079766662433,-0.04359984952626386,0.15999512977331853,0.02276980516594572,-0.1072797498483532,0.36699285143815247,0.32747654748684646,-0.029420168979084976,-0.0890581444905128,0.14758650944834678,0.15784915739233604,-0.13332621123907723,-0.028289351791400432
EORC,0.12966752547528854,-0.10769388974522875,0.01087333639156214,-0.20531355445343294,-0.06639615812232069,-0.03406246016257505,-0.019026239361901287,-0.06871293508373377,-0.01271968040315457,-0.2857374254535051,-3.2602166686143685e-05,-0.0007811888866047778,-0.22261133295487304,-0.03451636417426121,0.10427116696334661,0.02795334549641537,-0.14480789249239118,0.3656121092229093,0.44836012009347403,0.09150142989872208,-0.0951223140828555,0.06782128396151163,0.23832525589020404,0.10144877346531953,-0.05813299139740311,-0.05858198350883473,-0.19540737587111429,-0.08498838403395542,-0.06763622220600388,0.04685606717375038,0.3248437891593961,0.020577429602080366,-0.0419945888287732,-0.09885378132456701,0.08497287517951282,0.12662529392026092,-0.1609269242719235,0.15342558948153281,-0.1565582756854181,0.00963207792075621,-0.1278946716325423,0.0026187685961113275,0.01097590548624211,-0.042019494741216024,0.008728876159595748,0.01147627346995152,-0.12851679204636518,-0.08537950965587082,-0.002685862630786018,-0.10648548504040087,-0.04795102501366786
CUBO,0.16660365568693078,-0.17074961059034408,0.1065038351420999,0.05459254595022228,-0.03935498256632752,-0.1005800104184309,0.16714550094159514,-0.06131561712099476,0.12591333609736713,-0.1652877997835838,0.09506251997798514,-0.047389190988506386,0.10864825666866018,-0.050845605287528434,-0.2431312024815312,-0.006101887929745059,-0.04068042259065828,0.15243237204185592,-0.12623805689108863,-0.05444987629487652,0.159834327085136,-0.029234003235219297,0.1935702380166957,0.0280646359553079,0.12781027042688467,0.1019753596132353,-0.028500769133018272,0.05128661159608794,-0.059592492344816395,-0.12590889584578194,-0.127766369166334,-0.1672063410576848,0.11226074802144023,-0.004088199557317623,0.10726714713785206,-0.021874861148492984,-0.046484528918000964,0.1527563706054659,0.09069151308391443,0.2915868321203545,-0.02799030069548948,0.039919537088912285,-0.07884709745402406,0.213086255666606,-0.288852755001032,-0.1925200207945973,-0.1672827869514666,0.2733831124899764,-0.3198167994183138,0.17662786969678876,-0.03229770144887148
HRET,0.11446516633095186,-0.11824602966757426,0.06217657511083486,0.38829986255656646,0.09550001812873987,0.09498057617983326,-0.13636814020239,-0.08034508692180918,0.06713367151451806,0.054338693467817334,0.0012354678172115663,0.16259228563034023,0.26090255571943266,0.1556152802120582,0.11570535986261109,0.30887752854398687,-0.12742991013076033,-0.21128134417843125,-0.011844190355036234,-0.0351623964973025,-0.0580635587642879,0.04604455461659608,0.08360064974588974,0.24456146733294998,0.0671848690182076,-0.10254272047194349,-0.10668511180869626,0.03428029455464743,0.09120101160345899,0.13187443594476908,0.2765148598233596,-0.1880293935225144,-0.07417457797376997,-0.09546759465350704,0.2214324784859845,0.05814064125907688,0.043543334093472864,0.09934382894261798,-0.11177936183370038,0.15429051566161706,0.26258501454024724,0.028377225218442582,0.102070536486573,-0.13015554050088335,0.0837974457866207,0.05961785375996802,0.05932351883108866,0.0818261110764999,-0.013480138304167444,0.07341675012248575,-0.043309904394479425
ANSO,0.1248791061965095,-0.0992761188569897,-0.03351121885765067,-0.03574145054860217,-0.12571170717440347,-0.23591338190723415,-0.08124343420464558,-0.023854850755544083,-0.011854498139084735,0.25619482561466556,0.29698827481905427,0.01771781456214061,-0.3476099952776666,-0.10734253238894341,-0.08605151290007279,0.1345199707458516,-0.31622132613904674,-0.035300767541258174,-0.09251896222226386,0.09233149781178743,0.04931462517871969,0.11815275104332335,-0.22281621124160922,0.0418828187809505,0.05835236936262766,0.10143163129032144,-0.04043121563977917,0.2299588394540095,-0.16842344898921247,-0.11907705519801633,0.1880623132085968,-0.12060805503539054,0.06463672215314087,-0.1282940716768014,-0.15057559103293836,-0.23400765575083926,0.16252844757554255,-0.05384974585150604,-0.096022267210651,0.024827975381148865,-0.01197557946039468,0.14826724729052365,-0.09583086854516865,-0.11567750286119896,-0.12257698290276565,0.04566874505294095,0.021529919686477078,0.02128961139086405,0.17410166252844564,0.045168256007156474,-0.047872584747712464
DIHO,0.12865438476750993,0.06096956041475797,-0.07323192379051752,0.2468147673055274,0.16144610813342264,-0.05408146519961504,-0.09881379059882411,-0.2979546172808219,-0.05118526743592776,0.16523931342741593,0.20598089571153694,-0.226731247369938,-0.09813717674300698,0.05424153346582554,0.12821509083077187,0.02834078768302175,0.18798788879522432,0.06357166667559686,-0.06844900724851645,0.02158507005143349,0.11975797311858392,-0.10716164768795033,0.22990536384639726,-0.1989846787085521,0.24931069594096028,0.005988708993681813,-0.1979194601405337,-0.04746360682964962,0.0470242505665817,-0.24814574983968848,0.21444714518682786,-0.10819156791518894,-0.043045363578003176,0.23650600382318404,-0.08386502333097468,0.0594946586661778,-0.11184633191316813,-0.25380936288298084,0.09855451747267346,-0.0995474230529808,-0.004113417771880359,-0.09237742427682658,-0.0531160602350563,0.07470103608314653,0.0465798426180596,-0.0068989202633322685,-0.04624836644235414,-0.13839006783693425,-0.09225357014484038,-0.17063054173752765,-0.03795925169967274
RTTH,0.08989300276029372,0.2041169618854695,0.17931520530753772,-0.172226697411148,-0.023916090321594502,-0.21519487620049105,0.05953654289198074,0.01534896107340411,-0.042007126221065866,-0.1015798522787548,0.11704140882616418,-0.09557304770355557,0.2545205438008675,0.2650761123334328,0.4125965978390284,-0.07504759615815514,-0.05124139730164559,-0.030446649055885275,-0.09713606751611603,-0.0969985966325598,0.12079191806655595,0.22187335981447212,-0.13024761894424897,0.005573066736060117,-0.18052672629099056,0.06184039499177213,-0.047550608577390435,-0.21153433312819145,-0.17866571311823148,-0.15773396987302388,-0.06410632352146878,-0.020680862910401332,0.09489575764658505,0.01037855921467272,0.15205949402668953,-0.026366962291303933,-0.00985809685477114,-0.16035063744237077,-0.16246737186009305,0.17821323247353457,0.05463416619919361,0.08795309402337827,-0.222179487157779,-0.15062474379205348,0.03147335235781144,-0.0733565715058231,-0.047976994507383186,-0.16828369412283772,-0.056903840437340154,0.01775632575491823,-0.061344040293014046
SPLZ,0.13737587861180622,0.14123303553458894,-0.16211328339208883,-0.04655027679038702,-0.12637698340110157,-0.3378937722604875,-0.1325839499017184,-0.08282140905737523,0.009829717930353955,0.04444104861087633,0.08858438532201894,0.06761656424702447,-0.047538708211635194,0.04314986893139055,-0.20585844031808928,-0.10592826956228607,0.10130871579701384,-0.12080920187251648,0.0535632001084963,0.25781109663351803,-0.004943031682712696,0.12246551695054707,0.036572025037681505,-0.1147128523842239,-0.18033207113441066,0.10243334855204918,-0.05367921128552711,-0.2897058111255535,0.015823327539314563,0.1992452130983756,0.07224402562100148,0.08828811724559005,-0.04489953811347416,0.24551652025694845,-0.10339650023403187,0.050550207086462455,-0.02130090416029566,0.16752630133124996,0.1575858212300673,0.13097649134855902,0.2094616652104081,0.011897357862182174,0.2626497185744992,-0.17778750340129607,-0.03066878447356216,-0.034593408610475,0.19217407149676458,0.009564950100452774,-0.190593415794156,0.17773786515345236,-0.04134648679079301
NWIG,0.12324190157717839,-0.11889119354734644,0.009105346511503853,-0.0475146573572245,-0.01778285471037247,-0.1505260050254092,0.17092456276711943,0.08021167364891155,0.38787093279639906,-0.11503770457862718,-0.18339006925030082,-0.019249096647142444,-0.005950958155563846,0.024260991614511854,0.0002312035756610268,-0.3249672407430806,-0.2148987948148945,-0.31868529274006707,-0.2230095023923579,-0.1477666410280497,-0.005035573059507926,0.035381144422508365,0.08513992166077627,-0.17346775979319956,0.10730841638653758,-0.013870745085954803,-0.2278565069965473,-0.022591151504764866,-0.01378829009141428,0.03866651724612072,0.19054523083637856,0.017847767040937546,-0.2131912348331436,0.06669938649981122,-0.024216533452081135,0.08367034502865824,-0.046756959591521374,0.1207670120636869,0.02769920315256473,-0.18651778693924723,-0.11528108389210426,-0.03268247707501646,-0.17517337528196938,-0.058277190826989844,0.10752875858617034,-0.04669084618270549,0.09438881024542947,0.15660444486919597,0.17491126839616192,-0.09071602879843121,-0.03430014819581622
MMBT,0.08026461864085112,0.1808191263848373,0.30490879505450813,0.07316139855950737,0.056717922159087,-0.1590502379537353,-0.07672782787397969,0.19774619227780482,0.041306850828690775,0.05599218793611835,-0.16968356580949973,0.11873414019871795,-0.05522131798344647,-0.24343822027365813,0.08135981691521173,0.31311223958625556,0.022523759944714714,-0.09709339163972666,0.003748610964954698,0.20713406166582415,0.061480986035005486,0.07647783177013497,0.25961033213383966,-0.24338345409257467,0.018402803053391977,-0.19126720076283296,0.007736671892810326,-0.23227396116635649,0.015210785376834526,0.12126398814166797,-0.19810045993038206,-0.19346086781997154,0.08434704126552683,-0.09889528040878712,-0.07372337749475746,-0.059612116629170014,0.029514688370866723,-0.028649716150841706,0.07527138309666445,-0.046292088062174594,-0.17386623681766517,-0.12983312253467993,-0.06314345058717022,-0.1301908293903535,-0.0999882366426178,0.05058728966242265,-0.2158128679812843,0.04583139069191035,0.13639239334251707,0.0066769861272577,-0.13925428866519746
MDGI,0.11876735341455671,0.12101105745816293,0.0009278347344514071,-0.19321978254783284,0.2763903368018075,0.0009779299024684218,0.13948386719428804,0.008484910284648595,-0.1504144411926774,0.1491413385795559,-0.27615098823868706,0.04894781504863177,0.047311057135342394,0.2930388171414281,-0.2904111829882844,0.16902649253864213,-0.09752828077999603,-0.04550322623073874,0.10657523470048844,0.16257091613712923,0.04773950086914941,0.006714695629342904,-0.04690168867635423,-0.06816932618114763,-0.11165565364346743,0.22287360678517043,-0.11903212617480874,0.23771228390378807,0.0065607309481638815,0.19218384562583413,0.1044230976046781,-0.0009323715014370806,0.08069974889923968,0.3045172684235433,0.21339164376080322,0.0027705873769349777,0.06645844638868303,-0.06258767677314689,0.01542749896074462,0.00143224799936853,0.002170098394542158,-0.034959424420756856,-0.21835054030588116,0.13767911559275164,-0.0625984412982033,0.07716650452523914,-0.1444197283032549,-0.006089309751508537,0.046046251492462026,-0.1313880808218939,-0.053331714601162365
AGVF,0.13059163848670782,0.06228631617056553,-0.05902027688847097,-0.09811730263471526,0.174957649436392,0.031199877949866256,-0.15992745663958158,-0.23568138151359147,0.36095769355579416,-0.047195816853949496,-0.05673382136918784,-0.05145569297408964,0.1528015303310678,0.021973380143377172,-0.1516153589821306,0.03128426236153323,-0.02354418846132631,0.1014106220937454,-0.11882036589260882,0.3208850561265339,-0.09107752787772927,-0.07342897423197123,-0.1222258951249289,-0.05533842142710976,-0.13686818233673442,-0.19124384308611023,0.43028091509850974,-0.014058679384489042,-0.02040274821807664,-0.2841049957429441,0.057039767495479704,-0.11616864453791872,-0.07601671827094182,0.011562906200829615,-0.07482664382875959,0.06693722353414258,-0.004611283604023103,0.199730035451413,-0.07163028380475885,0.07513903099480247,-0.023255003715210165,0.11471665309421863,-0.08648793299754803,0.05008153731447154,0.19630543963071195,0.02552180295231718,-0.12701482616844345,-0.10196299147769844,0.10677166772505323,-0.0249710324323964,-0.02859681568669901
RRES,0.11463815724551124,0.23619218621650423,0.31113054425571235,-0.009170609143364825,-0.04652425061277324,-0.06711825199047297,0.08660476082346036,0.020119323090868294,-0.08466056043854542,0.08481585423905383,0.08516415326883833,0.12117768083235705,0.019571823989246423,0.08974936288842061,-0.018093618129551663,-0.15838034757889632,-0.08095843659722288,-0.11623238945573261,-0.1624216311901157,0.11743070135740093,-0.09820778567970169,-0.13707674247057955,-0.06151184682162783,0.19341212723081827,0.11052687056011261,0.032655248628243705,-0.044890087953494626,0.014938287509738593,0.10610205876029964,-0.061176846704391497,0.013284676294900488,0.04199520877443541,0.18174027893062816,-0.01958440788686458,-0.19298271569656977,0.3014206695372744,-0.009208737237239278,0.07247827564445006,-0.2939723680898423,0.020980794656556695,-0.22329483222252158,0.01893712934721057,0.37230554404175725,0.1526055281324618,-0.059896443273889356,0.13785227520940244,-0.025685275636631255,0.0569179283831803,-0.11169410505076736,-0.28220922513582547,-0.052011360036136094
CTGI,0.10200346298337327,0.1313793380866837,0.31370324750166795,-0.12493147702424882,-0.1400505552714281,0.09683089559537107,0.17334664773323563,-0.15699596918599293,-0.038571702048243894,0.05287429717523323,0.07522302803983066,-0.06769644790325798,0.1364174717608163,-0.22216886058697782,-0.06498636732398913,-0.03240812171783859,0.2073148803599612,-0.006902652914314453,-0.008624332971167338,-0.07112972561055604,-0.36749305379595854,0.06243015197975024,-0.06877200376775974,-0.035223478289180654,-0.1599297288387806,0.12391627243176276,0.08997998918011935,0.01958616829504979,-0.05986724504502482,-0.10817960401753877,0.2877170460646858,-0.0873087893049912,-0.22535383492776562,-0.13114381278883264,0.15914332959551353,0.06611210128029157,0.017144849942883726,-0.1412538688052503,0.23507415576187424,-0.1381777729255963,0.12274385267014995,-0.12497512191836008,0.014672470376501323,-0.01844757742458883,-0.2555935702999471,0.16363211117420984,0.007469461826583618,0.10718789372700299,0.059502666887452066,0.05488634497619903,-0.07040861000155048
ALUT,0.10335230702441194,0.11340313475942013,-0.28285447420257576,-0.09876226801580879,-0.1538733953745296,0.0015791867315894242,-0.17741700374853603,0.03219049425068274,0.23505399715593622,0.2870583763461329,-0.12706625537464267,-0.25836500632972204,-0.1289733768666512,0.099475113618692,0.1596522423309318,0.0955774348525216,0.05687879167251235,0.010756746815125728,-0.041143888935862884,-0.0811123005629485,-0.1680596293048886,0.15479254395380007,0.00703830781227302,0.05557178508709967,0.1572318831426157,0.12438540896350221,0.039068565549704136,0.03825757575392061,-0.10148805472708336,-0.07191900993265636,-0.1568477323863419,0.1305215079540955,0.22981108220712562,-0.11382107294740836,0.28712560617853955,0.11789997752776955,-0.0291710552769798,0.17839514151194225,0.06082877391680883,-0.024333313233157794,0.08130168034914198,-0.24370730473083418,0.13191421658981092,-0.055235905836013316,-0.014682459253539705,-0.03444950800225427,-0.17684975608238976,0.19833823141520582,0.015026287203394832,-0.1491374233860503,-0.039045511650674096
ACAC,0.15120157224326422,-0.132978349332533,-0.0215194651313425,-0.21560143834002216,0.0030306887651685207,-0.038310420503237845,0.04369722148319907,0.31151724999096386,-0.11159607212460693,-0.01965419185428767,0.15233741366801387,-0.1606553187164596,-0.1357300835589882,-0.08623306303354174,0.06575623259293775,0.1569980994064734,-0.03895443947674071,-0.010809153718963516,-0.1931906400786314,0.02085687304068293,-0.0348226988735066,-0.07944704205342348,-0.09307612215816063,0.004545060866165962,0.021990576122936374,-0.17270865576640307,-0.004352494076867719,-0.0433101299719883,0.37482891328067103,0.05871198301308475,-0.004766902305801013,0.0981978921490966,-0.23722950996326164,0.006688135371363285,0.007851797731563068,0.279725285473399,0.2449932121185737,0.02365001236627512,0.03258039495109011,-0.06420313482590942,0.31445039399369634,0.09635987248707623,-0.10920822731000307,0.05710619112497556,0.008184847960355034,-0.11056403071288602,-0.2586825214989984,-0.10567614976424423,-0.19381943490063364,-0.03444540097882748,-0.033161656591167224
SRTX,0.15146033948089851,-0.14752970425637396,0.08483006154024567,-0.1340440773537979,0.21465508766761515,-0.046327691528940305,-0.008254431732111451,0.14720238815264555,0.19308346005549903,0.023655381397582803,0.10111528417506427,0.13532517366821437,-0.046803306395850675,0.06588002585066459,-0.016248480633140678,-0.03749178875010176,0.3240300810347868,0.10191791385049778,-0.041791214283700626,-0.02985153146410755,-0.08859247328236336,0.06907531078151008,0.09107971928849684,0.08168747440542135,-0.07423866433944998,0.04204381203923363,-0.10023862415408202,0.17520071588017772,0.23613653658734096,-0.05840023389587584,-0.039413293351507374,0.24031461341725524,-0.12510496347190753,-0.06737587586498289,-0.13830109309986055,-0.2586895210561895,-0.06115415997297561,-0.19392393341195563,0.016597501972187872,0.4459498929836162,-0.032585324784433156,-0.1448838397672768,0.041934196423094094,-0.1572300723699656,0.1482714987875635,0.10954925731544066,-0.02190022409256055,0.1281980975643432,0.08508116300771351,-0.13615839084994044,-0.03929660968823159
GARI,0.15878307628769436,0.102482468408221,-0.09433488863925489,-0.06749323599804118,0.039910230635244764,0.203938545353277,-0.1006424296133454,0.12969524338464236,-0.19460889383157315,0.02047479944057093,0.033872218576678825,-0.08168856400384834,0.030994479924818213,-0.06957247707069655,-0.09628173536459382,-0.0783225054996861,0.051227052362568665,-0.07632610827766703,0.036435967268654224,-0.23857876156682428,-0.07226169434912828,0.07323112762433012,-0.038462989190444705,0.38127912920465473,0.1630960679645955,-0.1496639336986302,0.041371139372689714,-0.14451440846981145,-0.23629947084935177,0.04993921959071623,-0.0036613361509299225,-0.13664119950350873,-0.08956992690477109,0.3969641489861222,-0.27163339072735937,0.0071075279881162995,-0.13235718470440275,0.0663534580079357,0.04213459373586173,0.07902923330613512,-0.06304521033695892,0.06177552850315675,-0.1350137133356318,-0.16739973077677703,-0.0038767168260136556,0.11934065231124208,-0.25119984926589034,0.1580487119136158,0.09144607245994392,0.07105073213628013,-0.038234203019373116
RCRI,0.12071126232996303,0.19551020820026568,0.19950857439611422,0.021757381508894814,0.011151462023187475,-0.027246206103939512,-0.2644877235923566,-0.052498168696954235,0.036640860673899836,0.07874576979528713,0.08212423605095728,-0.05788442953462072,0.05086570037458661,-0.040151110530761876,0.15254169557310665,-0.07381878685440149,-0.10210909560313991,-0.010994605678578545,0.22098376790127564,0.028162977685471324,-0.27030386218063096,-0.3350697845738636,-0.1161313240804179,-0.12501902171384466,0.09991119776828365,-0.06946029486468494,-0.1637153626803362,0.1973948778723041,-0.16569748529005596,0.13164926960080733,-0.20294189647355357,0.13993147903077596,-0.31172872063401963,0.1055709099828537,0.05877072373739588,-0.2113351436164323,0.10241735455122467,0.09307908656828645,-0.1269635486245189,0.054883396844415844,-0.047348040313877404,-0.07939741260846303,-0.04939810077234801,0.1475747727135435,0.03815240615282122,-0.23195719659282266,0.023981762239007387,0.047554880756401796,-0.10009342708819848,0.15425532987310767,-0.05143171983990994
ACIX,0.14915717344531843,0.16080039321841788,-0.18116332049613984,0.05436029219866666,0.18211022385105533,0.1345810213455724,0.16252074912403164,0.07277501431388347,-0.16048361851646276,0.003262218242727606,-0.12520938441126797,-0.05577119098808152,-0.12088293294990388,0.15909729484608448,0.17198084505875194,0.05125938264798186,-0.11805766480312269,0.12372791703034092,-0.09667813614919285,-0.03697010563663472,-0.06424880308462869,0.17542137025766574,0.01990625991365047,-0.09808280552492746,-0.04005177148767197,-0.17229468132173661,0.02187217784004092,-0.22540716266465144,0.09432026062314605,-0.1455255016722057,0.06598475166486518,0.04804831012540159,-0.1668936494938063,0.00273907577583124,-0.045578761580755266,-0.2226632872882777,0.059332481170068806,0.10796312433096544,-0.02660672339038178,0.12827077223264066,-0.0033769666011894215,0.07018546813471552,0.20283814968484293,0.3318798702945863,-0.3167003677340966,-0.09975215560477502,0.22724647818144628,0.13831436033204564,0.24707288582466147,0.02914529566887592,-0.03558308987205595
CCNS,0.09607591272799693,0.06551345298022171,-0.03598003904364992,0.0971263678618364,-0.2478541309322447,0.31904741222466465,-0.21743002996033936,0.28682002033218856,0.2463008380384634,-0.04803470257538101,0.11875877312712646,0.06602358376932524,-0.00830182544062845,0.3168824856508025,-0.030417578229199098,0.14444105387395945,-0.047969241864721096,0.14619174440500976,0.035468135780205134,-0.15388051555682147,0.03844196006143876,-0.13583010192166045,-0.08122093198953839,-0.24429961275012785,-0.18879178617147638,0.2871147528611461,-0.0018936062402603315,-0.021445819069089933,0.037247059053338166,0.0688989932051992,0.02820936969049176,-0.200768426710317,-0.08302429417872426,-0.013914826888797855,-0.24215298693009596,0.22580311307072126,-0.05273702405024733,-0.10740444593011308,0.015812156007452338,0.04801910402948939,-0.11519137224293508,-0.029789170255242668,-0.02825666148926273,-0.02211197731765513,-0.15300157492706845,-0.04352499187608161,0.027010891709412028,-0.03479626310171571,0.029445930539757265,0.019420634513968853,-0.03414707988757453
MTNS,0.15476702029633796,-0.1716548860465866,0.003114045750322447,-0.008764593000374828,-0.13010896741364966,0.03810672421881547,0.09541478191180053,-0.19334743550664582,-0.1407873471859434,0.0026819704519107828,0.0713323389792839,-0.009198999474269174,0.090188480455954,0.12914834670337777,-0.14008921332852572,0.023087072114589845,-0.2198196021862485,-0.013464055371272253,0.14284608949493663,0.12898336257215134,-0.15464345852135633,-0.06038342176921039,-0.022091227839856172,-0.1388853223499028,0.3094599332793107,-0.16037605686502518,0.10478699239421438,-0.13845815936538933,0.026284645760654837,0.04701211996083471,-0.25196650413817817,0.22529142346458061,0.08551025167159894,-0.09434237672939938,-0.024903584212283274,0.2739749005703657,-0.15002890614235453,-0.24962290334719597,0.049147703716036786,0.1963185091559165,0.10675927000086481,-0.04023901671629581,-0.2243035353460592,-0.11402203320214248,-0.07930670227423034,0.03421709866219786,0.21755924361157625,0.06666291036428638,0.2319224408045975,-0.03932977419582488,-0.0376781871251584
IHOZ,0.15798300178730026,-0.16745826987611956,-0.02435973582862364,-0.03331464374936063,0.1865040372014193,-0.021707765379582855,-0.24245223391519144,0.05138555557263472,0.0796613606434472,0.01916048673423244,-0.11520423735528067,0.20757934243070272,-0.029731428100168274,-0.06844035440371596,-0.037346142507499486,-0.12470608021578662,-0.009487761166946407,-0.15211345850224212,-0.0028500373743150552,-0.1084416446229143,-0.15218073826770837,0.010303767243852003,-0.19014155638638527,-0.06014918437994127,0.1316788584627853,0.08004192754500626,0.06840520662026954,-0.21737137021972353,-0.08083043784992643,0.14827478200948196,0.07246557759590946,0.02389099453419322,0.07580922779055439,-0.17603512265548638,0.09582609332336925,-0.16041158163117242,-0.33741070896944086,-0.25755895622145186,0.08593597991882825,-0.0400453204245232,0.05766956608799826,0.2908443401624521,0.1298817000735398,0.22598336415196305,-0.12971040470960005,-0.09343600917230048,-0.20321350547392425,-0.21097163280767536,-0.12357359617772197,-0.10475118893305123,-0.026471580212337326
NAYO,0.09825017665149281,0.2298633566411962,0.33094079020349987,-0.018578689054161938,-0.05956052699548725,0.11569963816796806,0.001235273001709684,-0.008431073184433632,0.0048343335748538465,-0.1407299175206863,-0.09106698303565873,0.11287191085821151,-0.27028094000379344,0.03548383099971722,-0.0638134489423674,0.06544215788055491,-0.12486114206718736,0.03993371619437651,-0.039342600712894735,-0.1688980778735484,0.02106061908578341,0.016885467707670455,-0.013833714723858985,0.06991319553301416,0.2817641096424415,0.17294842456792228,0.04830679531809087,0.025018289470732404,0.19313359997447946,-0.18650202078809974,-0.000607058898104915,0.07965624372928772,0.1118508142734404,0.10689926641601044,0.09567820835033641,-0.07152448593855779,-0.056439359336754674,0.20434602464889653,0.32079457523734,0.06402925589212091,0.08090899563525934,0.016530344094122584,0.035091483753900844,-0.04140575533428152,0.24172733405311075,-0.03318600616128855,0.09681376857078586,-0.3401087835267161,0.10853222475185101,0.20622352683961503,-0.06736634557356037
FWWG,0.15581134905519814,0.09108642543872031,-0.08242252166165107,0.32695271561978784,0.13095700301946503,0.02499344942649131,0.1668922405285952,0.01625659035912151,0.12293774273385512,-0.172689123728085,-0.08454145728577743,-0.07357859520013735,-0.03202679261882381,-0.09865874608652454,0.0855604895986456,-0.20574926655537287,-0.09755723763419777,0.15218741007332862,-0.008821297404716176,0.10653614635094023,0.05411408033602302,-0.08384706934333784,0.06583620806555952,0.02847359634375883,0.03649209774355871,0.2695666431976409,-0.00795839130857019,0.04364151353411594,-0.1779680397942559,0.09460607923242964,-0.2249138105844945,0.09952679183017833,-0.11549102840993523,-0.062053299310420376,-0.09836843784939092,-0.033847439757449936,0.1340681565189393,0.03632061287577494,-0.0664720199143001,-0.019741817082745194,0.353729558151537,0.04392998341668264,0.03354166875334418,-0.11042539871417346,-0.1701410792895473,0.400027984456562,-0.16005775350409562,-0.19458953994467312,0.05668465868700776,-0.0676313568917712,-0.03027441084080077
EELT,0.10644914905093225,0.224742889960815,0.25270220551799666,0.06905376354175723,-0.0010872729206422834,-0.011994857640566514,-0.1019894384845142,-0.03274856973817266,0.15775320141432575,-0.04674522271760148,-0.06194516249438336,-0.2172981581043125,-0.07518858930047448,0.031124719192892406,-0.1739778276620452,-0.019462359143079668,0.0762719909328662,0.200866657143068,0.16444461254006223,-0.12988975459403576,0.39377079136060433,0.157686841747944,-0.17111875907862265,-0.0012696887668350273,0.03779354526592731,-0.20654125515691393,0.09144157504205734,0.07294465705877622,0.08625841826858348,0.1527426539408769,0.03896909876035046,0.1085303608285269,-0.001009568415847174,-0.047968855779063936,0.013204699334470743,-0.025822137002476434,-0.062480261302461496,-0.16521202577878394,-0.10989545480976665,-0.21840487106026346,0.19510923642475517,0.22106564225653103,0.049392589468642244,-0.025612989399985072,0.06739634205268398,-0.009375088293754927,0.11137042151366001,0.34850361093805343,-0.05097324630387067,-0.08856655770587585,-0.09117572039221025
HRND,0.09363951844792959,0.16296616935264663,-0.10748784357913578,-0.08490033867604684,0.3954706220894989,0.024261181922947694,-0.25369336022119027,-0.2797242571977137,-0.1477942246966397,-0.040217790605682154,0.007614146821655373,0.06833094160040036,-0.010653601134631048,-0.10283177756655092,-0.1272931910118961,-0.13323822997133686,-0.14000818212881377,0.015491162897341383,-0.033543073322483574,-0.2833665306766167,0.04329241365635737,-0.10250305886495999,0.04998370752444691,0.07976799778524049,-0.207285509172171,0.0982871714659578,-0.1713756628518899,-0.11434482662217862,0.08469400810714656,-0.010379887910764244,-0.0972679270862455,-0.024174750508814253,0.09341096517175743,-0.34862143083589553,-0.07602039841422019,0.18332877694384334,0.28459141087469536,0.016540060452083952,0.13991901973907567,-0.020255366524109426,-0.055487526794465995,-0.045310738780701826,-0.0797192635016489,-0.13611021786017222,0.010987126097560149,-0.14866745681412533,0.03147478713492701,0.09893290379642436,0.03646131076983183,-0.02661234671791133,-0.051261725079870986
AETS,0.1171947326942455,0.08801421566381362,-0.12728440300478489,-0.02648518714399401,-0.04875805939007738,0.04347550659731876,0.17791579099491392,-0.15688388557935534,0.05688902178018926,-0.2247288378376102,0.02557680605069844,0.29749769813777466,-0.11687677488479492,-0.09919555603802369,-0.0657891597630472,0.40196453953743766,0.3929919729880307,-0.1459540050715045,-0.048529196620547825,-0.13208060896922064,0.06852966085970053,-0.06948058955319347,-0.19538721575042867,-0.06396132528086579,0.11119015093761156,0.05314689764774177,-0.09508326931720522,-0.15183711861523969,-0.2676223840573008,-0.02509394762204325,0.03153560311078353,0.2029326437396065,-0.005825639219141269,-0.04854740725337844,-0.06464706300559717,0.03499539735534664,0.08594364784638728,0.12381430457331162,-0.262687061460385,-0.02274880934338454,0.05421297238103514,-0.06381919441082615,-0.15293876780806162,0.10850726822863647,0.04902475221715686,-0.038078629168442124,0.05811232874228834,0.015799316776044556,-0.028659547649671675,-0.08442571301202016,-0.04576333069565148
ULXY,0.1177477487888872,-0.1471300396234868,0.07458235439883164,0.21214188063004394,-0.03749740490388016,-0.2313963686625202,0.1746307326611704,-0.1293400541143625,-0.02862796092080365,0.255400324945763,-0.012252691703629486,-0.019183666845842516,-0.0002024538338817682,-0.0060752921734260525,-0.0193916544443502,0.04201135250770034,0.1276423740621525,0.40741532042846573,-0.18044234126150846,-0.2667214813234458,-0.25430823300930155,0.047053779679452734,-0.11804338375333108,-0.0045508794428816965,-0.14010956817171513,-0.02888405726057333,-0.007025017983699114,-0.047596043255730316,0.0629274594782569,0.3384297207940642,-0.1568323196740561,-0.15671957637554357,0.046025394695563084,0.08129792602070449,-0.005179358517458545,0.01159774035253575,-0.069496388421181,0.22614122014607416,-0.02075165977737752,-0.04583222062228659,-0.11032220064113737,0.11432967432460418,-0.10770034608383508,-0.006298907102750213,0.11281755675501141,-0.04357028866732545,0.1044320774577088,-0.1600832684663312,0.07272288573139765,-0.14460197835556843,-0.06418828971925554
BLBT,0.1574325247829139,0.16881460733092507,-0.08329430654752153,0.13193021269154956,0.050737783838513184,0.03234351122093752,0.06623116727054522,0.10504085660373538,0.14877272878406284,0.1293839900005898,0.03740572302295866,-0.1418069841385734,-0.019599401098592248,-0.17137945857120232,0.04797158046462972,-0.060875541396537065,0.11292786308080813,-0.1481276607001016,0.0758842528431918,0.1821486228693226,0.20027743919627802,0.1304533174618301,-0.07572110758891018,0.3516344477657948,-0.08308164192931747,-0.08640536350261012,-0.023972031100326648,0.14440200571155978,0.004212582697613445,0.16439817853513236,0.043761065839302095,0.06997248437426085,-0.035896322119049424,-0.19859384137786065,-0.013849933157367295,0.1964287161235624,-0.17647910096892847,0.011439177259621073,0.14153488378312346,0.12358100236680682,-0.1832607911050057,-0.1385388438873611,-0.24615713111433116,0.21906484138327278,-0.12768984164629305,-0.09925666538954492,0.22082493542779164,-0.29382569255745805,-0.012463338168838666,0.09062013295658741,-0.018205376148178406
BENI,0.17391579985366154,-0.193036286957717,0.0561896119149956,0.08456956719239254,-0.11314291742231326,-0.04687896429484457,-0.060905259952355274,-0.07811611215636101,-0.06560257182021473,-0.11968632112557905,0.12279969871560112,-0.048381684950363844,0.05794891573375242,0.0424093023940381,-0.13421114349047028,-0.07891179216520049,0.022026795068444616,0.005596607193888853,-0.10636679627108875,-0.06393094966124634,0.2874180447991248,-0.06372085352089465,-0.06936710860100608,0.05740626797809828,-0.06413612375338783,-0.07642312286475739,0.1393562751012779,-0.056071703290725194,-0.09154532580388408,0.15639512078926232,0.060396854542679415,0.13420753403686303,-0.05664486224001309,0.11079403501950125,0.22048783373065436,-0.016739224960050803,0.18700633694756486,-0.10404467295693878,-0.03381549051402928,-0.010929377055848358,-0.14262586691389884,-0.34259458910829377,0.326032990645306,0.01882261729520929,-0.038060594797642004,-0.1784445379876134,-0.24891649433321758,-0.1740333422855636,0.38954034802963305,0.027724016588682034,-0.01900414800673791
ITPA,0.14984842075611285,0.14026994054811293,-0.16269141835960024,0.07193280657975132,0.0023868231982340556,0.10429340140981642,0.33824535606956607,0.01725937383500488,-0.17985042712923383,0.12494960790500714,-0.18685168397043067,-0.041584854832139244,0.08853421940232574,-0.09369322654725956,-0.004499222623140606,0.08747547160149789,-0.1485896036074106,0.11122637053794351,-0.1263498917675048,0.0550332805439597,0.03506116922868845,-0.0024527924141196354,-0.05241826021306379,-0.16533441797757795,0.043827031761554086,0.06221048694120889,0.04858458811245806,0.10992002784713918,-0.13601993810059426,0.04583022346297559,0.13417668003822256,0.10018330023758056,-0.15054722835056564,-0.20982832603264848,-0.09253503972445512,0.03908906783535096,-0.15103877031286483,-0.14922038116769923,0.005207487352031107,0.08077490586541573,-0.17573360863592333,0.03486163861591603,0.21585428646955518,-0.27036780978743524,0.3220386115297842,-0.21626925718749973,-0.16335149465194027,0.03958569763086741,-0.20597564916709943,0.18919194025294483,-0.030877806149530413
HTRK,0.15438743509155653,-0.11417890663502733,-0.015305851692577192,-0.14943455509401013,-0.10924851585907873,-0.012011835072578974,0.05068369721263778,0.10649016786698462,-0.016022622628737947,0.17787050383094571,-0.16084001679780446,-0.23515928066802827,0.06600616820174281,0.08666293591237945,-0.1777096001353242,0.01497093508803092,0.07882396199485854,-0.08058706106449486,0.1380925220895175,-0.16152161808384136,0.16371593287718542,-0.30880369092485666,-0.09514190834780555,-0.10563623930883577,-0.05796070277865883,-0.28159682861720503,-0.28326100604751336,-0.10461640394895025,-0.1153468464521567,-0.16962166360353675,-0.030143994503745396,-0.1301879558202759,0.031728910759943954,-0.20060740825614395,0.06299445169031691,-0.0872892888882608,0.06274743063317029,0.09531778961650443,0.08085375244736497,0.13169134132371219,-0.029104543222861944,0.055474295777224104,0.15602590001952327,0.0185521158157874,0.06637446194829544,0.3870285189740628,0.08950513164033541,-0.1871250031299188,-0.06469456217406416,0.05455799508105161,-0.032983313877776775
NGTE,0.14431751720126654,-0.08389465557450893,0.0744188098661282,0.06583447899425375,-0.03223078709076519,0.072865665925898,0.1770824047602383,-0.1990221688265279,0.004003122305706905,0.026513219928329407,-0.094464687599116,0.06815451428225178,-0.33101118686275255,0.20393192477188826,0.0693699298858612,-0.10563237664709588,-0.013030571464864596,-0.28335663445332243,0.1361479576942899,-0.1862945597160327,-0.08575271230589808,0.022580971784358483,0.1280773219509066,-0.061259478277611266,-0.32356583486272456,-0.27742600220633595,0.1771770639515241,0.23743571023254123,-0.02447500669483624,-0.039396202584939095,-0.07541732498655716,-0.06245150910769578,0.16377885182343788,0.017302914290011944,-0.23282722495715066,-0.02358050391529969,-0.0707289090039642,-0.01961193427755947,-0.07637467072495344,-0.04109388883030592,0.2164211414352924,-0.17427415511898306,0.007596313826166737,-0.03348477021750455,-0.07657365003572283,-0.13695739689962597,-0.1433383311930692,-0.08673352990252575,-0.16661966029680114,0.06736342701511722,-0.049673107046779956
ILVX,0.190918912047784,-0.15706426659965536,-0.009407717647602011,0.000515987093610832,0.08749293453061432,-0.04386998926432036,-0.12475827973783041,0.023386130304453797,-0.010750053137712712,-0.0735820320765358,-0.12596084365273583,-0.12150608959444155,-0.10874925046561053,-0.10208891124382333,0.080244409653735,-0.024697256070264142,-0.06560809214973116,0.04538303430438479,-0.055739797446439074,-0.07307581795633894,-0.10767524453154342,0.10743632384754367,-0.022264410783183433,-0.03820251794769045,0.01782592104713117,0.14281137556245152,0.18080866025242562,-0.1258594276714116,0.07237425204591656,0.09064752550133419,0.07448648501099368,-0.012953359655619934,0.15900393242555913,0.08105669423701563,-0.009063026728161146,0.059669331510427664,0.15364047570448147,-0.21486066482363023,-0.24750889109035118,-0.011898120458113861,-0.1293598371785937,-0.2556071452590132,-0.07224006200428355,0.2482494323447153,0.21192890231242312,0.3436499052609601,0.15591754250181172,0.09217667246050211,-0.19087404973289193,0.413202611868946,-0.02749866919003414
FCSG,0.11916936640984784,0.12284051579893988,-0.11435150627061769,-0.07680382752903148,0.04115769694197997,0.08221420430931611,-7.018606550023295e-05,0.1436170137772102,-0.024689377140078475,0.058485174986972824,0.37285114575959394,0.36014133009801347,0.1460672917573562,0.24793064070788529,-0.05009789347902752,-0.18606843109368923,0.04349549729793635,0.18190229261531743,-0.09745716261327206,0.016118481813119437,-0.009208333388970511,0.1859564370230616,0.18601357176740985,-0.13964478253768933,0.15001903825617635,-0.2776596031540322,0.014040210351298934,0.13741493601751611,-0.15605066841205043,0.1010132230565901,0.03139567885503908,0.07334837568938735,0.089912742137573,-0.1567119375048228,0.06803089156676814,-0.04070586682885707,0.09378024700284783,0.09803975636747482,0.12662514697735877,-0.2761512277879088,-0.009176155827368655,-0.03761835387272164,-0.06440589920720233,0.09563671353930751,0.07902142314611321,0.17956631938142945,-0.03473542488407937,-0.048643792549836376,-0.08381366779129044,0.14310134231340743,-0.053633672967707144
FARS,0.1076135077671053,0.0873208828979681,-0.1471662178624951,0.275868214900123,0.07618383918854385,0.020769842590132204,0.1460000915551625,0.17371992062640698,-0.06901659148909411,-0.27414782947287447,0.23723367862358063,-0.13507353509726266,-0.07814040394606388,-0.02188717379326419,-0.17322890323770487,-0.151140736227087,0.14759287402150897,-0.19084098519100073,0.26723670763530344,0.10490818619610749,-0.23322650279965995,0.1691234136934258,-0.22375712551974308,-0.15253158394476926,0.010040899523210378,0.02596415434306678,-0.1115621642098902,0.02826431432117886,0.17399935120868984,-0.11038027448858484,-0.12653445934890412,-0.2897171429247568,0.1355381841909179,-0.04151162063553497,0.2144769108473614,-0.012312791382018367,0.057143947255621275,-0.001538839739300467,-0.07426086044534831,0.00021629504966156897,-0.0964737880943281,0.06305004271812853,0.04289288532423308,-0.03499839676813475,0.19309533323784323,-0.08500593932483144,-0.08719887432386737,0.04929309427296554,0.10533631170391693,-0.021771158218135665,-0.02342883993868172
MHRM,0.12645621914118205,0.1671781379444379,-0.2243629704920983,-0.029495533000486948,-0.143492225074821,-0.14974681774242662,-0.15154178781363764,0.1145168517839705,-0.13756594581147755,-0.1369365939760108,-0.12987313372981985,0.23740730778003424,0.05558026231025759,-0.22190024710821116,-0.1389139575748803,-0.017816879402534357,-0.16409515235605668,0.10175465139288017,-0.11512716144667506,-0.12681101826176278,0.038347012107197695,0.014393284049521511,-0.005298494405919221,0.007920763373920642,-0.009706601026937373,-0.13415769231864733,0.07060158255989936,0.18359985341474006,0.08270375685907522,-0.17732399912231214,-0.10941755404123553,-0.22328804931317317,-0.17851721937472456,0.09735023478222149,0.1973061055353562,-0.05120011349487355,-0.19112406498903722,-0.1175917035898822,-0.16074312362621831,0.008562234879210947,0.0895582743600595,-0.2898466060807078,-0.00790421258101112,-0.08552957719359391,-0.07484495228258511,0.036120578304063115,0.21976664741502813,-0.10820064132057669,-0.15445566451431236,-0.2592802658980924,-0.032514761000906736
EAFC,0.14448333083130266,0.11678021288730778,-0.25698515132604605,-0.09045646833416056,-0.09785430273410435,-0.22487003326767918,0.029613097828339506,-0.17321058332177217,0.10110485487170277,-0.07246127281751627,-0.036773947339499236,0.05798613256934858,0.133681255153338,0.011454335334495408,0.13035315568132824,0.12903787044564913,0.12233938044413725,-0.08976982061057746,0.09337425980205664,-0.16530742997364142,-0.02047734763635822,-0.11887331693774304,0.12847999262147544,0.059253257046660054,0.04751356416655573,0.0017806534071673657,0.04467656707087626,0.23113908174858666,0.3305297646870414,-0.018373482551468583,-0.08748272328214551,0.09592449067946417,-0.00863305878838536,0.07400889267935307,0.05026094185277956,0.03508902396812198,-0.012717963469656665,-0.10479790424641788,-0.07431925431560535,-0.15471551208008238,-0.25419910325255907,0.3542537169779799,0.07049784429253231,-0.11261488060035146,-0.2421602609140617,0.11687774366366081,-0.08334706982851706,-0.053090743804019506,0.13420973311969542,0.3028294541108133,-0.03439263120400954
