lag,ALGO,AENO,LSST,SRNA,ELLT,AMRP,OTCS,HETT,HUXZ,DUCT,SMAH,NPCK,MSDP,EORC,CUBO,HRET,ANSO,DIHO,RTTH,SPLZ,NWIG,MMBT,MDGI,AGVF,RRES,CTGI,ALUT,ACAC,SRTX,GARI,RCRI,ACIX,CCNS,MTNS,IHOZ,NAYO,FWWG,EELT,HRND,AETS,ULXY,BLBT,BENI,ITPA,HTRK,NGTE,ILVX,FCSG,FARS,MHRM,EAFC
1,0.006957699524966711,0.03128658036874078,0.010809684891860226,0.02732092488048584,0.039051709280016986,0.056672613613726254,-0.021847468080880356,0.056445233008523533,-0.03371368628288816,-0.04743352218924676,0.0061177176153932806,0.06975568116218206,-0.010313944179911211,-0.021291216689429744,-0.06712454075425181,-0.0817674206381534,-0.12019640559339373,0.030015849249145507,0.05273082809031195,-0.025140233371215178,-0.024502341350744056,0.01078687482200603,-0.01839061773892792,-0.054181493473349926,0.025663005359532032,0.013686944529473971,0.07188282425318969,-0.04784373009421454,0.025998399681371236,0.00563761822146283,0.06425335248740033,0.05502375541402806,-0.011331406496611362,-0.0022635496786056995,0.05778416627360035,-0.0067567276225046526,0.00212245332220191,0.0025409764581825586,-0.0006618387233874132,-0.03432447797441251,-0.03243583077519477,-0.0711021197381268,0.037520475700635714,0.04442839565107703,-0.0561633693143598,-0.04790039167429881,0.07386125480401089,0.04083671583655561,-0.05876237944044029,-0.05803553439007344,0.024359551642204977
2,-0.06928461431563919,-0.06424595855634471,-0.013204718312512482,0.07374469950576829,-0.07413996695294969,-0.08674556197111037,-0.0022658749593314964,0.07716505710145985,-0.010367174062749772,-0.029127955265050787,-0.0008040303435036655,0.07544131960352235,0.018662787914977046,-0.050953715361936706,0.022053600798591203,-0.021212778866858354,-0.022808667398461293,-0.028129843971045083,0.014518156957252825,0.028302703414811368,0.048462829660047106,-0.06616461857769683,0.016109354519011045,0.05620828640516983,0.05377409418428804,0.014981143399613926,-0.023917372820279763,-0.13261036695495915,0.0027165545089726617,-0.10834041744127608,0.009270538164382352,-0.04690565021767702,0.0349910646113599,0.007210697109913951,0.006182076300890447,-0.018243872822247667,-0.03157108258332333,-0.026688123216547562,-0.042876135986611094,-0.009150136844348268,-0.11140371894130825,-0.05449850961796723,-0.03435735766424035,-0.03162036198135468,-0.02250850411044074,-0.02016469624437924,-0.011620437200876958,-0.012415224989711374,0.03182952702238152,0.010322646650648115,-0.05909975792361769
3,0.03234670097996124,-0.03468750360276318,0.09391264523704074,0.11506041789953873,0.0012343230343292407,-0.00018005567125484095,0.04266602226999368,0.03670814963137819,0.0417347066911966,-0.06244461319745409,-0.009161567164473389,0.005715526567791371,-0.016073523226242503,-0.058911715405497354,0.04661129540875403,0.062409806399095304,-0.030323790747599198,-0.10216915568328827,0.005227726981287052,-0.04974791251430947,0.010450319870140029,-0.04074177679665042,-0.05664407187871309,-0.012498200786548183,0.029713224802212786,-0.0492228719099289,-0.01455298913599042,0.03814891511212196,-0.07664807916664575,0.08201289891652283,-0.02448465111635329,0.03994562818647995,0.01704837271338578,0.04265867214998293,0.02911895785398602,0.0017374446818343324,0.017360954928096365,0.06319280031409108,-0.06358432135491471,0.02222433689108969,-0.04445503066357101,0.040657783284784865,0.020019189078191117,-0.0004280137014161942,-0.029831737386637254,0.015848188799803604,-0.006726873393473452,0.0007653290572022204,-0.07336304510004918,-0.009853160091108397,-0.02719095239066823
4,-0.03751096284163922,0.04652405438096323,0.007805623553548517,0.025413605235736835,0.06830247529587018,0.05344276218524018,0.043346531190356724,0.027216319636726896,0.08428379907370051,0.04048205879043236,-0.0637230899655548,-0.0013149230542996325,0.0016427680804437079,0.04365705841019312,-0.0363985195832577,-0.06203690566299969,-0.009661803060515785,-0.05367777648237184,-0.07334897169666268,0.04700961424601714,-0.027923829110040498,0.046220355367658846,-0.05186121936127799,-0.021879721020331516,-0.023309886886552254,-0.0472946871629711,0.045058587158183415,0.021910029347341545,-0.029487127873976907,0.02384745931304077,0.02270839993490986,-0.002867343482286226,-0.03702750779669637,-0.004509172167294979,-0.015159822131932555,-0.039885907154041514,-0.060346638328130094,-0.05795892495396758,0.008743505227074814,-0.07564676684702203,0.03262831015718498,-0.043799386764809156,-0.012420156401606491,-0.06092085969011585,0.030542767732240857,-0.021271710138646004,0.023270476306110784,-0.03755414922313789,-0.06287895738321907,-0.011769288940410126,-0.09097380165568177
5,-0.0515687110396338,0.04889078339429833,-0.052229841657373786,0.016930086816033463,0.007063148220402641,-0.019308618570695785,-0.027682573556399075,0.005725953443955887,0.01849433620792074,0.08100996293764966,0.035435092860043996,0.010550127950311817,-0.09173610621958221,0.017460255405557262,0.05296868361398113,-0.0004361893968242112,0.022406739732261042,0.032309523678283054,-0.019415973550772937,-0.11442296021104763,-0.045228898484722044,-0.047624948121588136,-0.09856824499567275,-0.04550097492199736,-0.011858088774370754,-0.08091407632978935,-0.07570689661349843,0.005120703257133412,0.08924233969089142,-0.09242226028844774,-0.017881279116636856,0.012346026035764712,0.010682964451663291,-0.008641743004304689,0.019968087827257227,-0.022226727887328785,-0.049892502719054745,-0.08426345249483425,-0.0051125343811605365,-0.047133943316318594,0.029962377798967214,-0.009230266974950767,-0.007436568924836605,-0.10582285479573193,0.0019315339490463097,0.047146857832916604,0.06374097605690475,-0.023274116328906486,0.06572174583625143,-0.03603266516917449,-0.07670898349332725
6,0.015216971323864601,-0.05420627233437742,0.007375213839082827,0.08534986576750866,-0.057318999638230894,-0.09620807447362202,-0.026841099614348166,-0.02474656869912175,-0.04442030765297347,0.02460412145550036,0.009932436277871376,0.1036072478877702,-0.019090091021950497,0.02679187506293516,0.021921068435057405,0.02698301302228278,-0.0008861294145638558,0.02669613419132225,-0.0008321500131055909,0.0335339098915041,-0.00454414281585449,0.03610839730052802,-0.0010813934981118733,0.0943824265699367,-0.028211353382668412,-0.03716810392144767,0.011491036755865672,0.03182452836861199,-0.02869983269955127,0.013947967952666663,-0.01205207430000006,0.02906634218777497,-0.08809641280108169,-0.061571955450305846,0.08371030415354076,0.017103707567813084,0.020966926661543605,-0.013772901788229435,0.012778660644463707,0.028044639492074964,0.010299921042176823,-0.010918206046442848,0.00868791827017604,-0.01585818019029939,-0.02731988361962771,-0.03976239087180549,0.07005761402899018,-0.05446908675980787,0.014865012849720053,-0.02815348789714784,0.04449196177537209
7,-0.020699496879604644,-0.03307508239037922,-0.023151636262823832,-0.014253454028016622,-0.0010714253470767551,-0.04449251888334415,-0.059455650813375185,0.014127729140303077,0.010360060509650914,-0.033322330693361,-0.09240703419396867,-0.0022965690279112784,0.032379251610324004,-0.033137370171474265,-0.05755530659734721,-0.0374529228925754,-0.052718334744669554,-0.05038755150314754,-0.048300393843214405,-0.08605469226310238,0.03637978968890176,-0.013377420150940619,-0.05276549567013578,0.017603538501241314,0.013461902183882855,0.03795822966886482,0.03393721046413625,-0.07007553439709636,-0.03974144427417484,0.010889895593092247,-0.012610602216461446,-0.1237848110897746,-0.01729081829511209,-0.10574142151915195,-0.04767694602925623,0.007474431525392795,-0.02422388748706605,0.010259975581395056,0.028426598509089993,0.024436031125340287,-0.026710925791335532,0.024137700407702828,-0.09175924364434064,-0.029955595596235705,-0.07162614972127,-0.01323301807346766,0.012837513693772947,-0.022405957683267322,0.005508767957981805,0.06633346779892947,0.08181972686629481
8,-0.07752990296507441,-0.022725256444628063,-0.023587003902763422,-0.005427491314473838,-0.04203895594151177,0.01580086772794329,-0.023489623936674683,0.007900323905822732,-0.10314712902662322,0.009058132839700314,0.02965249358520132,0.08960740883264132,0.009820875314448665,-0.05007438543945194,-0.007423274025432514,-0.003597485276792619,0.0468310053838945,0.0035813738319453474,0.02034382960336538,-0.014513913286997505,-0.04307575430746855,-0.03449917267499093,0.04700551615801496,-0.05351014753443343,0.06953707254037578,0.0054140465418676745,0.060046616260167024,-0.02155817127707584,-0.007615941668960716,-0.05621146968850447,0.028800787683702613,0.03479553362147679,0.003728074811885371,0.0055524477855538506,-0.05978647109532912,-0.16884436461292676,-0.07998358895798484,-0.01306155965797404,-0.005450033972944339,-0.04382695111219292,-0.07320135700775493,0.01537343912312135,-0.003922870712206986,0.048075129807271993,-0.01737212128983618,-0.0016733443306211327,-0.019951187012607348,-0.040618456995909005,-0.04435683364972324,0.066075351583171,-0.0018624572857351123
9,0.005853010094922172,0.011122985839228505,0.010530830022095703,0.07970738822947122,0.05037986636507552,0.025565639092308107,-0.08050823274151903,-0.03348796557716406,-0.03303925527214695,-0.009557678920887767,-0.010313072188247275,0.010122761105051437,0.030357798323172917,0.06681056852057561,-0.006792130663917209,-0.004760822375056104,0.09401013850895117,-0.014953718781962942,-0.0029046395300848945,0.00704674922535935,-0.023970763301089524,0.019995311154837384,0.031200425338393747,-0.03986717250063967,-0.05999058896847666,-0.03258720057266209,-0.03917637303487337,0.030845245335365083,0.027676554983398407,-0.020729589375106227,-0.026266004345657974,0.009940533303094119,0.017208836938945555,0.022793767815156653,0.02376619197342164,-0.05342195265344919,0.03925733206146097,-0.020958704425802034,-0.04453448947467227,-0.026782698985110112,-0.003764442888109229,-0.008844155660159565,-0.032113863403068786,0.0727259115836732,0.009862619959203076,0.05571699806500628,0.015793963178488312,0.08215677230900181,-0.06445667567218193,-0.06895639985187642,-0.058826284875474644
10,-0.007047819020933282,0.09345526342390598,0.06574106783084796,-0.023411358434262924,0.08578546190081815,-0.006838629251062196,-0.015400966578200012,-0.03195770469788694,0.029800527340419786,-0.06912576515472216,-0.0063139536235758765,-0.0318506652034735,-0.08635605770909612,-0.017219907477663096,0.003778922472203538,0.025307042623845814,-0.0906078667667553,0.061275182975463936,-0.02602879803966865,0.05727219292938566,0.011476953916756844,-0.01713862690509145,0.0835694021303383,0.055097600930389574,0.002319348238932058,0.0011627104828407337,-0.008372433562135816,0.059687940959552474,0.1089271687635103,0.023817649397149816,0.004600835630834417,-0.021055905490486,0.039529373711445735,-0.05018941814124103,-0.02900792611009999,0.00026732703697090066,0.009192894287227488,0.055661969844158894,0.051304196780230314,0.05057727540769855,-0.037263219559704734,0.03760520156811178,-0.05663116802482802,0.07982221606211061,-0.009072417525739368,-0.009380856720030577,0.027025102346523926,0.00528450161951011,0.07424380521532377,-0.09008411548616083,0.032019488223242625
11,0.05102897487228865,0.011322828202494204,0.006167504455152854,0.0635541303047552,-0.0012695811005844016,-0.040078613509403456,0.007605488834650745,0.020856323227702422,-0.04540058573912922,0.004074583615552015,0.09101545232608181,0.07780452409143307,0.08449586663270228,-0.015126485459220568,0.002077693679849111,-0.0482135788066469,0.05621538516163323,0.059162091816675276,-0.08230441513967712,0.01267521741651819,-0.07346608895842928,0.10027115081190556,-0.01950184499656252,0.06773516188512069,0.02360326205150849,-0.03727760057980857,-0.003004018021225836,-0.01173105529983649,0.029758687848283324,0.010550743029194124,0.01750877837655105,0.0021489440251248886,-0.023174836654753596,-0.0020139720949934065,0.00991048164568222,-0.027287146565312448,0.005859986965650477,-0.07430301997767261,0.12289032067053444,0.007464015797822347,-0.03488085219251248,0.013899366774923951,-0.1185246073527129,0.00831845580140588,0.00543641355580395,-0.08589264083546225,-0.032409912400494394,-0.027069903152329704,-0.03587531739619222,0.010193998034327955,-0.05069732644570853
12,-0.008634114602320452,0.06980575927387474,-0.0172071092229014,0.027632341669049137,-0.005718597723419821,0.07478753874866138,-0.051420150736670424,-0.022717113389163355,-0.033524762949326326,0.006020694992382886,0.016255382540969348,-0.01127816367528089,-0.018196954600565047,0.005145204753405105,-0.027866999775560727,0.006451475107396677,-0.017818495489316313,0.009637918960311185,-0.08339743415540614,-0.06771974326909558,-0.03289453686937929,-0.06806769577638012,-0.005095188958734015,-0.001060094843100747,0.0027777658635452698,-0.012365975098146909,-0.04442350164434526,0.022054856819842806,0.0037271190294527745,0.04011711479842433,-0.04242293445496205,0.040952817819981197,0.005428293085165098,0.0693221822465584,0.017815368555237802,0.01265087052516374,-0.00517623348142243,-0.06830633514015297,-0.02780823253959813,0.082667112109503,0.11159777314216102,-0.01093165874234207,-0.04233047314645207,0.07794015904054814,0.030293258171436868,0.06627363735517772,-0.004569203376231267,-0.042086466718098674,0.07101081326700781,0.01841384633017481,-0.016140197918667634
13,0.06450264884047185,0.09814744450565847,0.022892732557735145,0.09743991578192956,-0.054418249374530006,0.025000784793574576,-0.049447636507230885,0.04567732289436351,0.03396645204302489,-0.016235828164464658,0.023533582050900434,-0.0008795517730414957,0.09650462654182444,0.020393804118875904,-0.005871010671196536,0.07600355674857899,0.04410323325437843,0.021844836481002095,-0.029164971409795015,-0.00829098390243166,0.030040191973032142,0.000847031399800711,0.021639346063687417,0.011157849996017566,-0.09657851728616146,0.04476255537510281,-0.03610253783888583,0.020668732339105555,-0.03692908523510676,-0.018855762391559193,-0.03644031250427502,0.037208347722230646,0.008680796411837428,0.01866416529357663,-0.05441448278335345,-0.05584245089773161,-0.023059248363751974,0.02463662165019316,-0.059497100345724946,-0.013692808126993515,0.009363397474518793,0.048586198345793925,0.0023541893004661407,-0.05205725537854202,0.04146294472465276,-0.03570627820337697,0.06512522376963766,-0.03497526343917759,-0.0010136002661995454,-0.034744096620622916,-0.00934159346606557
14,-0.11242596014625626,-0.037803694848165814,-0.10781225485528685,0.03152566451580347,-0.040968561386458414,-0.02815920861712409,0.004387112589877616,0.0014767472174141646,-0.010687290035569298,-0.07458296817642387,-0.03950200467921036,-0.013145209166761334,-0.008667891933069967,0.0023140236502263182,-0.0043280229001161925,0.0041950622336156965,0.009698181613375784,-0.04176719174188197,-0.01908794189067936,0.00014777077400743698,-0.05692462386705078,0.011390115953033813,-0.008891414790905196,-0.07072379081536306,-0.04125056396882993,-0.050388452788896435,-0.03081016360362405,0.05255239978784851,-0.07089369962493046,-0.030367936306044774,-0.006156262770726402,0.012970998379164149,-0.036833277672045736,-0.013741165558147233,-0.005911508656602365,-0.007048465823270315,-0.09037204222655984,-0.017377601415090857,0.03071321357704855,-0.05019395517293551,-0.09040549848672429,-0.0651514145597875,0.005566514834795229,-0.003381075510613274,-0.0050745994925111134,-0.062176702985522456,0.017599445426508896,0.020857324738916532,-0.06520779823384944,-0.013609506448232476,-0.03106529170931128
15,0.04966090076814184,-0.015756786592018113,0.010686381993411808,0.05429737384534169,-0.08242094222651751,-0.08121535806523883,-0.028330893295249043,0.014584072421896785,-0.048063796861216014,-0.01659615726666881,-0.047660911680593755,-0.012330978297341156,-0.0052503881245732605,0.01985209504395499,0.031176206581791988,-0.04245659066872468,-0.01324959705475989,-0.08673283689971863,0.051604163929722835,-0.009891380342541223,-0.0064107789903252695,-0.00038382127335381946,0.057498062744922085,-0.01642540988355217,-0.022848140247607632,0.0591853012723056,-0.021355231124074604,-0.0554374136921883,-0.002066177911405971,0.00679088602688373,-0.055493769197104026,-0.022516605537952733,0.023141162395059655,-0.07195087478161347,-0.021431720542408675,0.0035650170651168405,0.007754076357369964,0.06972467984624886,0.053602875149563606,0.04317187039336276,0.012720199482164291,-0.002735564575571696,0.02312931363225272,-0.020145248039682512,-0.0919269925200279,0.07007789846608288,0.06336108205410522,0.11605601928575876,0.128896655718311,-0.023648741602958427,-0.00909342684347495
16,0.004011130651285046,-0.0991766274172162,-0.07541935409261984,-0.007142433780949114,-0.0403091363019996,0.014462299408864133,0.044450044645497976,-0.012875928868736711,0.02832464405829503,0.0524067878496227,-0.002375103250494292,-0.0886270216842779,0.010601829282217078,-0.07753977507773553,-0.029899656630904443,0.03187224192745368,-0.013038897233300144,0.020789301742554774,-0.07802397971456829,-0.003928019844951456,0.053757074251373056,0.007791676251705122,-0.03958958030949697,0.023982325857988703,-0.04832576393099507,0.023348104049916725,-0.002148371418631615,-0.007607903225486377,-0.04473705262526345,-0.0577626344211873,-0.025472449579025867,-0.04113740999908786,0.024534031648114754,-0.029028782451257035,0.010820928181078451,0.024438115068119,-0.0010641689235528727,0.01942270132443112,0.05597842232587102,-0.026829958580678773,0.023763752471075674,0.0012018268534393136,0.007375499642456253,-0.06487313356358825,0.054636844700762494,0.035478334199677344,-0.028360428541257164,-0.03715442546782163,-0.07298179822641204,-0.04148673821167625,-0.030486500182371708
17,-0.04153138924545304,-0.05809047461841929,-0.06757173725504469,0.0038140761816408777,0.010917690445013808,0.03180393711826639,-0.062481548890058636,0.032200417461170874,0.02719425033093441,0.033326035491738695,-0.035528011549003015,-0.010205490948279345,-0.07834767760054145,0.0010079861387286132,-0.05561905774724201,-0.07764301827742442,0.006284859748705487,-0.07431350396372287,-0.12549475472024565,-0.010174656847929252,-0.006557338480149328,0.017309435832783823,-0.04541027733025974,0.01865297327520293,-0.08651110745256234,-0.01914495125204285,0.03618737187656782,0.03223662133728037,0.028398124841479088,-0.05721314442037166,-0.014481363853775991,-0.04762856908489622,-0.03223758954350054,-0.09271868719300547,-0.011820782426232112,-0.03960572006260921,0.019289361070152906,0.03839066242076057,-0.0077785186706508195,-0.00041010461944301045,-6.713323029933693e-05,-0.06910474302733467,0.0246141519702018,-0.06313098624013781,0.01896205644577669,0.019372528445040733,0.020018349432457113,0.011568485085320362,0.03531074516360774,-0.023645672657678612,0.01990369212757532
18,-0.05565140491373035,-0.06974515237311198,0.022196424944248377,-0.007087230109092674,-0.044898039593218454,0.05250048158133071,-0.059528716631505156,0.01596175278612217,-0.04747947985928212,0.014897332598859179,-0.029503698839066436,-0.03956635824080359,-0.09866092948685609,-0.05059420237740057,-0.11912248649464603,-0.016855546315381824,-0.01116650203115504,0.0066979763249352745,-0.0063705540781887485,-0.04038748717265331,0.028739855062338584,0.018102726004698054,0.04211024605774789,-0.010120590121315382,-0.06450388704552475,-0.0027553494068042017,-0.045119327595926614,-0.021784586668006933,-0.009549203209947869,-0.057303335369566624,0.024426969673449254,-0.03559686311082005,0.055570108052485474,-0.09141217229107819,0.010306360487184826,0.08575583728904426,-0.08045144263675887,0.022520612808279668,0.07997812997612781,0.03458925355793145,-0.0110041451687809,-0.054457218763065945,-0.00927683290667782,0.016636017080061516,-0.09712729473161102,0.03710650938265596,0.06090030916345365,0.02488343961455454,0.010321279242934913,-0.05603829937040001,-0.06490965504673156
19,-0.04257551651248531,-0.012126911546113006,-0.007793820355103476,0.028738329518598647,0.032606626190419624,-0.08910635116147242,-0.08494149349810867,0.011747956630407477,-0.07161195407975335,-0.03142752615387853,-0.04273454868378743,0.03359721311334982,-0.09333884981874627,0.029653869228750587,0.0327878619799107,0.05960092279079864,0.020340462316675193,-0.002737708653943007,-0.009083493565391898,-0.011133941182610517,0.00458074904459236,0.003754843767339475,-0.015277758637050144,-0.0659280918803285,0.007882058849461094,-0.09782217971886233,-0.08697992781379142,-0.02154709442709008,0.0048533893661331035,-0.04238576222880851,-0.09988983232650077,-0.02271143877616636,-0.05543935335480852,-0.05896387103069561,-0.05156466737845162,-0.005521649267019576,0.012664054914542621,-0.008363894239080601,0.0009477050803479211,0.011304492799837435,-0.01416449862496927,-0.005658317680252512,0.008856860121551258,-0.08669815775440136,0.03348974683406204,0.00042488071349522507,-0.011223958148165207,0.027781335927909098,-0.030234413237092174,0.01222055207796452,-0.028615830639276533
20,-0.021530751990856627,-0.036487904299402435,-0.02116082532664825,-0.061762868634989275,-0.023185199846943803,-0.045048228005610966,0.10347729171831353,-0.04674758419449243,-0.006365822171582047,-0.04504843555022079,-0.0682907129066989,-0.04426909298847592,0.012846455113122037,-0.006479554329829738,-0.04565974696168477,0.06889055632117101,0.04633347380755186,0.015002922372722417,-0.05019492765522474,0.0536410835190548,0.07323505379374363,-0.034649799617355384,-0.03897517687404779,-0.0555072066964343,-0.019614212331351827,-0.023222973959286488,-0.045978576803512965,-0.05621280464634813,-0.032009578692292234,0.017281883952741245,0.02587856551780275,-0.055162786506521254,0.02437755814344372,-0.03774728347421327,-0.027904473481218904,0.07148671028966641,-0.0810246583255434,-0.0399990038607555,-0.070065726131425,-0.04741292995878887,-0.028643305167872567,-0.10361947391372449,0.016362237328822093,-0.013573332973877696,0.012723550194390388,-0.030668510910871957,-0.020617579190219785,-0.03270733692882281,-0.038834576733467775,0.029154962815077144,0.03589655322235386
21,-0.011817409032529159,-0.045537182046433575,0.07273688549492288,0.053138345209917816,-0.04005147654132996,-0.009312455705800684,0.016459457607551402,0.0641881641520214,-0.004979907851433999,0.0653717942256068,0.1251569589561465,-0.015884491230429617,-0.005750776270232856,0.08863993166299083,0.023186533531417926,-0.012006929804329804,-0.104364301613238,-0.022538868939993902,-0.035633459792543495,0.01987426159083034,-0.07529992617065474,0.05543291236418756,0.006682682903608596,-0.08989744091636812,-0.01329363628853314,0.051521874134978156,-0.00872419102350126,0.028724157354163164,-0.01700317766696371,0.027568431716196683,-0.03710029058858704,-0.030374440231365613,-0.01886517459356299,0.0813458440563605,-0.043417068729096224,0.002401198685190248,-0.008697086880564813,-0.0722818057133009,0.01261989638165334,0.07211362880132106,-0.04636008607150389,-0.001594746213947808,0.03690799601441862,-0.05576904425496826,-0.009154077093174754,0.030736084698097597,-0.020701160270111874,-0.08431592935832846,-0.06002700045015276,-0.08258928722780864,0.022346749229278505
22,0.0031188219567612405,0.07023986671477886,-0.019003133003924658,-0.0023515915350558196,-0.05862843683646876,-0.05951024899677149,0.07289043434548251,0.019059412670444618,0.05867242720316416,0.05158313849934642,0.027795913532702495,0.0035276491773772387,-0.02185334504027289,0.039789179214385344,0.03342141577219968,0.03376659496167572,0.028055716978921744,0.008040777855040858,-0.07617860430743928,0.09061096461570813,0.00863617388623301,0.025733496500272665,-0.047157040254515524,0.029078785621509937,0.022574226553995155,0.11161902481368235,-0.07704480712557751,0.024703123137780395,-0.016033491849226377,-0.052111262934114305,0.03559997368704072,0.018035665801948972,-0.053624785178667624,-0.06414212268518639,-0.011501107243081057,-0.008446069919931994,0.061818923482481476,0.08744851110225635,-0.0038309229296478154,-0.02493254953518742,-0.08613872459730729,0.04263062197562403,0.006640756557522984,-0.0028798687307429235,-0.03356284535392809,0.01506423348959725,-0.06563235950134065,-0.046904179772210335,0.05445640819879345,-0.007107526139007852,0.06227541761535181
23,0.010401723810188614,0.07062503514919308,-0.02602779148268014,-0.056184791542476006,0.012298922782928209,0.006308141064304368,0.038850648302141855,-0.021493176618717646,-0.018397340388409476,-0.04238708564656565,0.05092635563732651,-0.004414727895118133,-0.07500824592845069,0.004161476554316204,-0.017226733879179567,-0.02900731453187965,0.03840913816258823,0.025264065680157544,0.026403656923391656,-0.05077204192244399,-0.0017392980249897954,-0.04500760713183358,0.09248514631717134,0.037328087086872484,0.03271633353631794,-0.020213349562033474,-0.003367752662731894,0.05457712432003689,0.05912851472974315,0.0655573628548053,0.011021861661822834,-0.03019884480380782,0.039218094521531695,-0.028915458485435714,-0.020487174105133107,-0.09168590900501937,0.004940460808014199,-0.05938170451434719,0.006730019543146388,-0.01720224307122762,-0.003986135516042443,-0.1628400521807511,0.035473749657543775,0.019944602630575896,0.00627998518164817,0.006656392288230448,0.10733681813738069,0.000615391578978624,-0.025381808356933537,-0.005715617923357449,-0.024384314993585465
24,0.09818157050151506,0.032211638421393365,0.013543132977552042,0.029975445362952945,0.01948376295211267,-0.011183686870049888,0.02054948903453998,0.01588907688932421,1.6957913010947922e-05,0.023093632020368262,0.10311104878325328,0.026864179589312462,0.03437227859894217,0.060551285122379124,0.08735519025878234,0.006122133511106316,0.018247263941183877,0.013925296031238354,-0.02191474988715321,0.03737012089183067,-0.04062634606778457,0.017075906132449734,0.0662241777278578,0.06223904963565142,0.02060385499796926,-0.03268186490466983,-0.0018843977705526609,0.012331242971563726,-0.06633791073445014,0.06191295036420978,0.04373598223666102,0.025123368227121128,0.003062856939650808,0.07536862267961042,0.04808399345191961,0.036902933637850036,-0.013851794276471183,-0.06549950978550528,-0.01959825793874254,0.03557781805534051,0.06089717064178616,0.06321343489742307,0.07407608027741837,0.05130878207276255,0.003746796683075706,0.1414469843763485,0.09442093611278192,0.06219188279750996,0.08198845583605392,0.06704398147022908,-0.01407006335389672
25,0.04583864522147204,-0.04059164346032421,-0.027745658080649993,-0.011777500295533903,-0.05676997408874465,-0.0023708413191004503,-0.0022753701500566035,0.028557115459126235,-0.007141094007449656,0.0331295592163902,0.01213380947635713,0.002366512543774798,0.04014975173913874,0.08274175295965501,0.02605463636961265,0.09524602891813264,0.00761665707089594,0.01101303358978771,0.09703466932635621,0.02410976195233148,-0.02642850100518883,0.045086985104408235,0.00881170031042235,0.00797340894191183,0.01217480807818906,0.007461041424661661,0.07619700165372767,0.021117416305052067,-0.004674140746090864,-0.09087197942877107,0.0613886671469707,0.03601494870436205,0.023749935143282976,-0.02429270264282963,-0.00882020005240248,-0.0028582299931983785,0.03261556107281819,0.04208602088609623,0.012448402657760657,0.004253262388042408,0.006918399355607837,0.016051331066151787,0.06131056937491938,-0.00030811207190823884,0.04000951742083726,-0.04686719847719237,0.02922605463964901,-0.058181391133081475,0.034623380902655834,0.0041092182983073905,-0.012816463682529158
26,-0.020710204097422403,-0.04964830748284932,-0.005627715252638716,-0.008358372679704806,0.03875077271968572,0.03173039011891995,0.06952046031047734,0.020990308533644416,-0.028287512793254647,0.008457246299649543,0.06885685018176141,-0.10668346315749182,0.014616596862514148,-0.015320159120869018,-0.0515882533605812,0.039021599132942994,0.032571479246481766,-0.022258387809368715,0.03267501686863267,0.10840243890913392,-0.05359826242922785,0.04026465568980966,0.05537057691821277,0.010143578284013697,-0.05620635729253726,0.009355634399002012,0.053733332049054464,0.03021727063682613,0.04187263658394347,-0.014922175407808063,0.04878617507202911,-0.042627603049262136,-0.044497838632251485,0.01964125853683549,0.030941916766200523,0.010566935436417454,-0.009484787503305347,-0.05582702387360167,-0.005165745279600642,0.031417099354824805,-0.016704458477140163,-0.012640100238267464,0.003659412122203685,-0.006299137201446367,-0.03866143068101734,0.04794276860953981,0.0061652035791640285,-0.07918211096424661,-0.07122185158003892,0.04982272189707832,0.07212453095144926
27,0.025667370921504833,-0.006653315232034597,0.07234379076100117,0.004160374810066915,-0.011299588731847244,0.006214816972719288,0.04532706901412607,-0.0026401406261048603,-0.0019421492477879508,0.008057642505408783,-0.009717080686819477,0.05430325207142096,0.1286257321523762,0.057114088993773966,-0.010380226610386834,-0.021886347826626303,0.012906812433854248,-0.06335221219850312,0.09710645418638533,-0.012158464612802683,-0.010585010259997566,-0.02603132277988313,-0.028667257755479597,-0.045037053028706316,0.03562683509842565,-0.040606837051034746,0.02933644757628812,-0.020394568631000067,-0.003293636953341026,-0.018475751956173042,-0.014554357148186453,0.012976398535652857,-0.029570447769634706,0.12288592750414899,-0.002459597239665976,0.029601241594174977,0.02755260279428093,-0.018562936451569756,0.05720132472006382,0.033089091146294596,-0.08412597573002754,-0.08562432484852979,0.033365710730300036,-0.010011156586998471,0.0030623783481005815,0.0020483380122824795,0.03163762147479532,0.007210089203068928,-0.0008287901198253097,0.036904240561406246,0.04370343422385505
28,-0.044712664268423956,-0.035519911957909885,-0.017724504380783063,-0.002742548841252563,0.043696010365735186,-0.0258648493012415,0.03183612031718415,-0.03488243221718435,-0.006270456996427051,0.07898387678207416,-0.008905280692974379,-0.0019972769484766,0.03227066798123936,-0.07659926662437702,0.01383292913287696,0.023115878453988943,0.029083932977326605,-0.011507447614322947,0.038412253437662656,-0.0003585144933785657,0.011781520653250924,-0.057266126480169224,0.014524992069866861,0.05340095353618474,0.02077028714250992,-0.037009963930126615,-0.04746960382706371,0.0011193896586140198,-0.02539071034293886,-0.08195878253182567,-0.05791916350115385,0.03781439893451741,-0.0006981007522570238,-0.06255660919988433,0.021301058928817087,-0.06641694978941526,-0.04054502589073684,-0.06206544188884688,-0.02349360272387557,-0.002875738875246053,0.05692267553056146,0.006650209015465671,-0.011391085462124072,0.022998778706624392,-0.04503203294338465,0.018368013552679942,0.0480288098577073,-0.023161520851760247,-0.05056829180122408,-0.03360820906780145,-0.01597370939799214
29,-0.04668684795865178,-0.09019521095414897,-0.006087251959187589,0.03808148005609543,0.005871616618413939,0.017023671999087126,-0.007638173174995149,-0.027882244363879243,0.09113419940774277,-0.024004358240436795,0.016731921922304865,-0.0004714805530104319,-0.05315732887279189,-0.08861567076153358,-0.05534248398962306,-0.023241070180992744,0.03501293454020157,-0.01127964146776764,0.07430367035597008,-0.08991803209703117,-0.012232348507666083,-0.09168797378575287,0.07556759317816586,-0.05633127327565156,-0.03946375704008548,-0.03552524251850006,0.010066075113369585,0.03609744762955306,-0.01868125828875336,-0.010482189103627762,-0.011165867817532071,0.023272768273884487,-0.04704536711752074,0.02953778284673595,0.007925060555081584,-0.001904076118070059,0.011084376765435151,-0.053722209481657346,0.025849411973264937,-0.03573865808582668,0.04929014704881377,-0.010340607377332547,0.05271840996892582,-0.08197941192819502,0.08139028594503936,-0.003602886133488491,0.0496081952164105,-0.053440995538644696,0.03138251370261141,-0.0390870720716033,-0.03465795469171475
30,0.032123962677309485,-0.0214531122393653,-0.02795594013710822,0.053325738124318296,0.0313555662978079,-0.016757611614254823,0.001291960583857917,0.06283172683703234,-0.04947879348161017,-0.011771655057735794,-0.06056891399646119,-0.07240062087628668,0.02614013409429067,0.0796053940417605,-0.024830948315326007,-0.06793570852658604,-0.03350122156165975,-0.028204420343673802,-0.01833993954137434,-0.01253696932589223,0.037456094476470796,0.0303371657790125,0.005863598443213509,0.00058694177552938,-0.006064935271188351,-0.03645507776553479,-0.0319602633923444,-0.023781939910020474,-0.022696549467991635,0.030146123719611232,-0.000322032884707821,0.0005992049797925068,0.041249538659642634,-0.024682811720950992,0.07639926433909704,0.08828878907770613,0.027652462031490407,0.003571046609883366,0.01736418064770862,-0.06230526076881902,-0.026664296495084474,-0.007948777642179453,0.022432771445382426,-0.0559048410639507,-0.03542334983847185,-0.03178770418919199,0.030616056607423635,-0.0021362502233547294,0.06401294615763656,-0.038110179242975016,-0.07822357156939187
31,-0.05289990182831463,-0.07512651823482334,-0.007085790008982748,-0.019085026383765347,0.01512333960509366,-0.025857771221583264,0.005620483418945099,0.04625035972943514,-0.03534430220749764,-0.08995203583049943,-0.06110519115552078,-0.027271991074288786,-0.01754744756944934,0.042479508450267864,-0.0844519383335292,-0.019415126732859358,-0.01130291729099274,-0.008343424200039968,-0.011161670059921266,0.009006845300625885,-0.04706479069846658,0.009778675100170997,-0.05176448676188387,-0.044068824822082554,0.09718300921769053,0.017189447262903727,-0.031096035556366152,-0.004408127877273414,-0.10185231207592088,-0.03855774019088546,0.008983963023599217,-0.05778000737289082,-0.013883266135026133,0.006002823751252877,-0.029998533909242713,-0.0606852202504315,-0.012205091952227735,-0.007148885962838592,-0.039093595341906144,-0.025449996368505867,0.06302828858114917,0.018094229161186547,-0.042246699371697956,-0.06578018062292726,-0.07387511902478737,0.022302504347832364,0.027813054320299447,-0.03376371287468937,-0.026112067833674805,0.002731838541440846,-0.1359571261151927
32,-0.02008064794773742,0.03456270531582584,-0.050209496174228194,-0.02349196450209851,-0.024535689894197892,-0.040536218323574416,-0.03714050466639849,0.07314443970811549,-0.0010831549608881523,-0.07836351153956074,0.06224253523688698,-0.09849272591895077,-0.0389696792617079,0.025787593139334392,-0.03743285392190509,0.010956395602685404,-0.02121748682969004,-0.10023247895741842,0.011390790060323057,-0.030652271608513217,0.011282000676840615,0.02736291289550741,-0.05983378397281424,-0.029714123734449333,0.10395228526362627,0.060286336607005886,-0.02381745460760264,0.041742057857600406,-0.06264415116451279,0.034509794159377695,-0.03450216261704807,-0.014098656317742458,-0.01271110845160031,-0.010496117327887654,-0.023800182674202103,0.06036912259933602,-0.052418925656345296,-0.02055099738329794,-0.074127534415324,-0.01939321507711267,0.007776399084080066,-0.016738529911160697,-0.022352895427430103,0.06572836747627969,0.024246037791527775,-0.020095722247591968,-0.03186478536914572,0.00904401947024896,-0.06768480161286435,0.0005713028758006943,0.01832661117549357
33,0.06432007826351128,0.036283019491006464,-0.016052734914895582,0.06502784947509686,0.034972072442274585,0.008916336983397657,-0.004998364845316737,0.04776362708606859,0.013119550040046182,0.1372685669115539,0.038447334681827566,0.049144609693743506,-0.04222734926260499,-0.05474418093585066,0.04959853491221992,0.0031633407593092563,0.010282161992395365,0.08835848673443573,0.13971357593716743,-0.05607196457282599,0.04219254345782373,-0.0024385454276676034,0.07164447087223358,0.05989935693028217,0.015295800050384037,0.021832475366227892,-0.021159717667729734,-0.031657508351335115,0.017966995534110693,0.045466789610409675,-0.03182086441353959,-0.0031269218924339912,0.02372641376771593,0.003816042640055936,0.026384699536960102,0.03136203761126594,-0.04649831686912023,0.024951554439513156,0.03983705892565815,0.055396125441974316,0.05284678889344811,0.1049902379633603,0.04281370315041571,-0.013072903203057084,0.02549177341931155,0.04316079288418222,0.09138241607249019,-0.026676125087880097,-0.02644901001271724,-0.05401290388901909,0.028276279805189243
34,0.024950222395138198,0.07746197793943589,0.06572774707606499,-0.0903067074912409,0.06776189526346194,0.004894316498996742,-0.01633693149677223,0.019822022562763227,0.008429626635885767,-0.035598027673037366,0.0806941941910121,-0.14106639160624085,0.05904117002526873,0.016016276350263498,-0.0283751544426704,-0.000599646759584579,0.0730793955713496,0.03007359838963939,-0.0015192662910425271,-0.038985894849871056,0.024355251966273698,0.0624121548714673,-0.016163551038224117,0.0793109959879286,-0.013470827783349718,0.06476300847421297,0.02863615825173071,-0.008079512453628129,-0.014003872182467441,0.04817777525090201,0.035565644713471525,-0.014806027255020872,0.0023480682158011495,-0.05940636304205475,0.017164784217873996,-0.024514209100779612,-0.024812054052321193,0.028746084795783916,0.004181931158297272,-0.02614612646136277,-0.05963073439219281,-0.04619633171392201,-0.030480985685584817,0.025200918886429054,0.008209843641408573,0.030252261908359262,-0.0075226017061976016,0.06395388438973468,-0.035646288294332674,-0.021571735049195188,0.04223450309220035
35,-0.004146608299821948,0.029796695116851634,-0.13550261920584503,-0.006873421495880303,-0.02335335264186118,0.007370970505033105,-0.012088231930971163,-0.07102453387558151,0.005976936905621079,-0.08780529930775353,0.04002290512558968,-0.02502559139784394,-0.08199487065527931,-0.017887460719970837,-0.045448694514298366,-0.029661533124820647,-0.0206475305803805,0.048507301769012905,-0.00105203415967654,0.013067486110624821,-0.007497782433571576,0.05940204290554041,-0.02276396977977074,0.003530335383339325,-0.011038078965193631,0.0019154031940188478,-0.018524764269922202,0.08310926682421181,0.00889900034035514,-0.008735922910892105,-0.011279440446586369,0.08353897017686318,0.06538024743456253,0.05180438485781629,0.02990133487661857,-0.09419926989701051,0.05139386519372906,-0.021200082929416213,-0.032137033343581395,0.045242595516820895,0.012243801012686172,0.006296646626517608,-0.04802115104202136,0.0008727093735921991,-0.10879634552318354,0.015020044157503505,-0.07274945404208244,-0.004896921600777173,0.03422889176534273,0.04517075349802021,0.00905123910100974
36,0.04213228222670468,0.014573236580271279,-0.0011870112121498526,-0.027372381342722945,0.009797037136062468,0.029472547871701726,0.0031104629257136703,-0.02436062255998347,-0.003933172700656569,0.01666568516011893,0.02756008668703335,0.02601020096717735,0.04648833413655788,0.05060168716961679,0.024460244055355424,-0.12283237645958812,-0.00372631021925795,-0.056123102868885444,-0.028102131992431056,0.04441712744187591,0.06728859357383302,0.004664560031876964,0.14176724796105108,0.03804505587377123,-0.07373325771620266,0.015304714805029353,-0.1548761741587718,-0.07665015777457954,-0.017291445945429272,-0.04626970181674103,-0.043651802203863846,0.00562742104368687,0.0395459346722268,0.0222931024908686,-0.036043879409576145,0.0588120671061715,0.05520360199343426,-0.025824963098433823,-0.013622698049516643,0.035668242582246046,0.0061828709831253294,0.016865005482240736,0.01024748309224517,-0.0037704422560352986,0.015150915567416188,0.015685780735411138,0.03611213099901006,0.0014583625613886037,0.03134333300076707,-0.010251972194338935,-0.00209176688565572
37,0.01179882762541562,0.018055234347628242,0.012523693118892735,-0.013797634504005063,-0.0027493474428823203,-0.05227317471991237,-0.006868334400710491,0.006499363121051819,0.07978736609939285,0.01232177928952042,0.030322161936747694,-0.08413236017001181,-0.010349566920660193,0.031163316426883123,-0.015636255508982806,-0.03574944166444923,0.011046309945440133,-0.04797318697889694,0.030533678490967907,0.020272427810206772,-0.022706045470812838,-0.008706316191244762,-0.00299837344405738,0.022241851945998453,-0.04046086146820771,0.0014699967648413607,0.027612503811556152,-0.04770193486570015,0.001396107683906121,0.027065329554764202,-0.06683821544215657,0.022721150072842197,-0.0414060649870222,0.0053887804107230295,-0.043086308595766364,-0.047943134228686665,-0.05944367503740361,0.05984502159538774,0.0703342209543154,-0.08348947328702917,-0.06410387529028375,-0.00667197507409062,-0.06580824811969771,0.040630297307343,-0.04611578523789279,-0.05332610914565705,0.012064759080325501,0.07780582200277791,0.08085901863842113,0.011727837673995142,-0.052686844185216124
38,0.005791961286037123,-0.07232175994598795,0.00289078470475416,-0.02968760125060564,0.05716541438011525,-0.04761694237893728,-0.08395931912114823,-0.04040898108321125,0.039374386096709436,0.014895598441721935,0.014569759500017125,0.05690175470301952,0.06894580380007359,0.019560083308916846,-0.0205245448214857,0.08215919987989595,-0.003206722311554376,-0.02954573279399648,0.03962679989053247,-0.015701337519019077,0.04444657817155007,-0.07972843660680805,-0.009092086400535335,0.0014165209678275628,-0.023329683972110642,0.017208032982973395,0.019383814449864818,0.009514695534145507,-0.005969724310574119,-0.00248423106141381,-0.022608782582898425,0.005032106535558724,0.015534921608680642,-0.013990857574171916,0.03576778222842841,-0.00812609331773026,-0.05132695375829788,0.02098220386355284,0.04830434265799038,-0.04279738997488149,0.017507705869334467,-0.012504528331984354,0.003932490585271635,0.055684298723802046,0.04352295361106928,-0.030351000403478347,0.06786985230380227,-0.025740610030000183,-0.0654960039093889,0.024532615009689958,-0.035866982069558115
39,-0.09543917536823385,0.030363619554722797,0.002026721971040363,-0.07148139539001,-0.012906937864156203,0.07585595981123695,-0.011643418523923654,0.02184435240741871,-0.011630764577862931,-0.012387239642488192,-0.10814343147610023,-0.08931346169658808,0.05800042421131896,0.02630955409085555,0.06467294176969782,0.010086188852598287,0.030805265916777024,0.010246094000698768,-0.06870979841577213,-0.03613702582860878,0.06186795223900078,-0.0028778979715015623,0.01658017298248361,0.027477271736988555,0.00872508824551873,-0.008778809188767502,0.03483103992144642,-0.0064886693316686525,-0.015523501653261985,-0.14566727820722764,-0.05751885461175053,-0.03191719857861052,-0.016365198690785707,-0.017159362901174095,-0.08202117182840196,-0.028466884278747075,-0.0034276600746686696,0.05210913285065451,-0.016800355992431147,0.0605171696568456,0.000744486698862849,-0.08378428015084417,-0.0810418258152888,0.0043143439403170196,-0.009500315437953731,0.0449614930787283,0.0027127312792904405,0.02564250865052384,0.035847952790197736,0.05065987443541341,0.09228768253838149
40,0.03956973241347913,-0.018901460990499733,-0.05522217912188821,-0.05264425938421644,-0.043338430094117045,-0.008040679640677837,0.03392907335209586,0.010321463767563616,-0.054540923509314936,-0.015913957343709238,-0.05832551678395229,-0.054169911871741146,0.055290782613796476,0.04356417039948221,-0.026421586865673384,-0.04346176509287717,0.019424503863822995,0.09954580200039816,-0.031490259519557036,0.04516417831661389,-0.05590313099562249,0.009245879557740979,0.03264359226856655,0.03728124122437369,0.026209865283044594,0.01634079570546348,-0.009155230393942887,-0.03564236455988192,-0.027450477426385712,-0.05714433227577324,0.01624638182145315,-0.01098660366028693,0.012873054792227594,0.0073654422250881224,-0.02334421932611073,0.02492154868267031,-0.00447387401094914,-0.05458113572618243,0.002373051491341976,0.004240783573903666,-0.010261742940210726,0.05941731228223954,-0.14830383849285803,-0.0968392430026867,-0.04611911379921979,-0.03296392758376278,-0.05915974761868725,-0.07321529728782863,-0.009906655559184225,-0.055815409729289125,0.01783180345474277
