day,window,average_pair_correlation,first_pc_variance_share,median_annualized_volatility
21,20,0.13242850900495134,0.1850301411702115,0.315728253415608
22,20,0.11041306961398122,0.16785863077179447,0.3126668380895215
23,20,0.10643533658242654,0.16489494923148776,0.3079006029305568
24,20,0.11265609762226861,0.1681357192059355,0.31474742121811
25,20,0.09881323999776231,0.16047929795781868,0.3182484950199819
26,20,0.10867583567568435,0.16360418160815468,0.3220369021004541
27,20,0.10166761827632981,0.15886840914009367,0.3213968090373182
28,20,0.10258405361028802,0.16036756250564266,0.32254645396345705
29,20,0.0950441367626378,0.1569951497234546,0.3041969050358917
30,20,0.0956254907349783,0.15667081699001534,0.3015055586539838
31,20,0.09288693624894147,0.15190354556454824,0.300558843894095
32,20,0.0808992640885358,0.15196740654161367,0.3022511804021477
33,20,0.07842214511528688,0.157507494334918,0.29513921527864967
34,20,0.08681013819758114,0.1663130410733077,0.31012014953998357
35,20,0.0918573562979102,0.16231478938846436,0.3064114723712521
36,20,0.12823792166218756,0.20640169423913404,0.3087201321131341
37,20,0.12661534096617208,0.203960068960624,0.3157759675982945
38,20,0.12910433969851517,0.2021005416014739,0.3109487895748031
39,20,0.1295742439970983,0.2004778130222689,0.30879281188370283
40,20,0.1303563103833103,0.20065300695580335,0.31135737651033024
41,20,0.13460969915313478,0.20619365025347838,0.3160351042948276
42,20,0.13162798972098377,0.2047383428685292,0.3182362213765525
43,20,0.12578027653506157,0.1982452087841029,0.31595169267700285
44,20,0.12932889294337316,0.20213588065168112,0.31311569476311074
45,20,0.12409603677149335,0.19738377732297618,0.31752138362569454
46,20,0.11384681837962982,0.18579357397428922,0.3204584660956115
47,20,0.12795341244661554,0.18856877105009845,0.3242987040596971
48,20,0.13645250495573089,0.19892962457568267,0.3198663466118477
49,20,0.19452033689569473,0.24513220525443002,0.3297840540501556
50,20,0.19339060312787332,0.2470792371488414,0.3294214935919969
51,20,0.20205064565694056,0.25167956471111774,0.34227187600341613
52,20,0.18362565042831622,0.2393131855332953,0.3359266995545268
53,20,0.1871819044234017,0.24029354692093643,0.3298148950147058
54,20,0.19432072484957785,0.24576129394161716,0.33478830486044203
55,20,0.18592396305840317,0.24174873748955159,0.3256535579770556
56,20,0.2273611802661105,0.284414627470657,0.34422635411919406
57,20,0.23000360137877535,0.28904041534291225,0.3431909676307083
58,20,0.2271621078433726,0.2844752430853583,0.34292463680300483
59,20,0.22715269127238677,0.28378999390094906,0.34308452848140336
60,20,0.22446873863704445,0.2809711319721688,0.3396007362210288
61,20,0.22758366829433163,0.28301403099983685,0.33247156454107224
62,20,0.23628960420902723,0.28992027936742104,0.3436168983405738
63,20,0.24083701658184178,0.2920667115449738,0.3400346253087426
64,20,0.223755518592302,0.27583754975657787,0.3444737139976474
65,20,0.24077089859567707,0.29096765026968807,0.32706780657612505
66,20,0.2454699319611226,0.295714369374318,0.3426331774836258
67,20,0.23381829646567412,0.2862877663981964,0.34300447520826227
68,20,0.2399974857348547,0.29667059689957626,0.33415231543175816
69,20,0.18222769474292216,0.25241363848426696,0.3231595444477466
70,20,0.177213398835918,0.24333180966757972,0.30478239461643686
71,20,0.15647052844645007,0.2309075742823449,0.30529858646101704
72,20,0.1603449115544961,0.2337985064617943,0.30528679566790523
73,20,0.15951513127085207,0.23163630496878537,0.3078933555730143
74,20,0.14306033567298956,0.21195543404126457,0.305440719474347
75,20,0.15125868753331534,0.22134507164153605,0.31475588200411275
76,20,0.10079329791953856,0.17007850070643366,0.29885427827712197
77,20,0.10226025634511411,0.17179214760904418,0.3030902997267278
78,20,0.09376836194183355,0.16438867762434853,0.3064360349227728
79,20,0.09587456898953466,0.17019154729871494,0.31064421216801735
80,20,0.11440892358109277,0.18278721726324484,0.3075379341803799
81,20,0.11121855513409967,0.17719781453544092,0.3131037859559038
82,20,0.1070340400932364,0.17503015607713662,0.3118278274812332
83,20,0.09330487128714614,0.16121996632292293,0.3100859785565456
84,20,0.11555824245655534,0.18611513062520332,0.29625386884451105
85,20,0.1068219993686692,0.17951776288691773,0.2990779571899615
86,20,0.11014611641077275,0.1856349953384342,0.3048232976818308
87,20,0.11798545911707939,0.1911048730092521,0.2943964299256134
88,20,0.12131149004964692,0.18786610341065393,0.29627755144870044
89,20,0.12094831765477711,0.19418161554082483,0.30652801881334857
90,20,0.11946865533999855,0.19724827371375367,0.2977172013270961
91,20,0.13048675295915824,0.20453318889717073,0.31352742199322364
92,20,0.1437536837751411,0.21869410147687662,0.29705016725835726
93,20,0.15534421006408217,0.22476670820277653,0.31688955825530796
94,20,0.15779916973044808,0.22761467642484853,0.32337762233448625
95,20,0.1536458085539155,0.21946315300927363,0.32866539917185256
96,20,0.15492656378969608,0.22462267603125605,0.3291540531866996
97,20,0.15655988905913146,0.22761851137722727,0.3231268409858402
98,20,0.16702580316372245,0.23770839437660632,0.3334771881327422
99,20,0.165822361359346,0.2375744347674372,0.33327624453780974
100,20,0.14994982706849558,0.2227484601302163,0.33401125477259075
101,20,0.1473235065138584,0.22122096285777676,0.32269105760904365
102,20,0.1449303639319712,0.21208799450517385,0.3132941062760532
103,20,0.14976237695838673,0.21319546245624055,0.3052411476607274
104,20,0.12686761265333799,0.1934348407233885,0.311041592402286
105,20,0.13112653074450656,0.20129699101237888,0.30048144900774976
106,20,0.14520741767083475,0.22151039547222087,0.3072586926460072
107,20,0.14042859304744684,0.2157349950497435,0.30693578321911874
108,20,0.12655117570986704,0.1989420396606055,0.31028658282568333
109,20,0.16340087483336874,0.2363200623042917,0.3173089393507272
110,20,0.18764299106460997,0.24823629436269998,0.33118808908989184
111,20,0.17383857665781532,0.2417413424149773,0.3297249185414022
112,20,0.1627653946739763,0.2263268729698836,0.33140775017764673
113,20,0.15110379531907359,0.21373336706637683,0.3137635006617654
114,20,0.19974975148589785,0.24668978847201542,0.31547443024141536
115,20,0.24480833659866774,0.29003653769412635,0.33595540142065367
116,20,0.24426491297275263,0.2879750271954007,0.32375963382145906
117,20,0.24132531709286512,0.28611617310018705,0.32975295852614417
118,20,0.2325761808655048,0.2819683736918236,0.3367493906106779
119,20,0.23226693464477774,0.282140785961872,0.32531430314842924
120,20,0.22775399266519925,0.2770531914939209,0.32099815243810315
121,20,0.24614636200958678,0.2956231586520088,0.34050381893376586
122,20,0.24577147840725685,0.29519218871489056,0.3403050575829378
123,20,0.25955380056490085,0.3106717561827185,0.34444932945518825
124,20,0.2508187179571189,0.3014694891881494,0.34313961932479287
125,20,0.2606577246966561,0.30876286353204074,0.3504008892272533
126,20,0.2514552071190916,0.2967950428413009,0.33961686304827704
127,20,0.26160188656532124,0.3088975282105649,0.3433479910238826
128,20,0.2632076229209975,0.31028928309692905,0.3365656826231911
129,20,0.2328784435417436,0.2847590614871867,0.3279920113900228
130,20,0.21151281696180824,0.26593589811733115,0.3211638228392156
131,20,0.2057256008225804,0.25597463456325786,0.3206155862964929
132,20,0.21162545226293644,0.2604872597871797,0.32284865434965443
133,20,0.2137167691538024,0.2611490063223326,0.3237173640216042
134,20,0.182730677399585,0.23662746577023674,0.32392669872731905
135,20,0.14037077972599635,0.19374589351515958,0.31758381573453437
136,20,0.14306733712597822,0.19764425423021295,0.3280206455139755
137,20,0.17680164970926174,0.23976137827001973,0.32736457282089626
138,20,0.17696381720401386,0.23684149575017588,0.3157083032312535
139,20,0.18859182976271036,0.2506170948514729,0.3199552235613151
140,20,0.1951542119333542,0.2552564790231774,0.30544247789442774
141,20,0.170734202537123,0.23314284664103027,0.3051300437070596
142,20,0.17361231680271533,0.23738850160858302,0.31233106242918984
143,20,0.13147678259928985,0.20617803572918206,0.29173832653309417
144,20,0.13653639632178777,0.21300457130748257,0.2884017461334875
145,20,0.13438927440191906,0.212900158587316,0.28710759943783526
146,20,0.1632176782966765,0.2323006404074028,0.3391094460547796
147,20,0.18578234574295147,0.24792323562850577,0.3451740064888696
148,20,0.20812218220656048,0.2619381123744734,0.3478450066394979
149,20,0.20699659069548804,0.2600165547021176,0.3470901260506925
150,20,0.20571318224472776,0.2603218711871313,0.341435873143988
151,20,0.23162743209024092,0.283183882208482,0.3450976105420761
152,20,0.22881974721443174,0.27939071552511646,0.33888674362698046
153,20,0.22348155934401057,0.27922012092228116,0.3415867280293342
154,20,0.21984684202515925,0.27505950945727203,0.3418872067635054
155,20,0.2426038344612008,0.29460221849277474,0.341282859775522
156,20,0.2834834404081046,0.3254761706707042,0.3388447546955626
157,20,0.23601182218800043,0.28100731011763425,0.3348529952818479
158,20,0.23569834368875134,0.2802918093736694,0.3364389316007793
159,20,0.21782324971767925,0.2665738484452104,0.34881588673940117
160,20,0.27462431491695544,0.3189331504967465,0.3632779478880165
161,20,0.2768594526461673,0.31996560735329993,0.3588955163640596
162,20,0.273045500558862,0.31658264764432814,0.36316642516954695
163,20,0.27513803737360143,0.3202972419287427,0.3671677933464788
164,20,0.25994123940981,0.30682950472908477,0.3545613335475629
165,20,0.2699151977241935,0.31626541408902953,0.3591857602375169
166,20,0.25861971011536183,0.30447310164588925,0.34700712322796456
167,20,0.2522668572299513,0.2993856514560303,0.3406540029610098
168,20,0.24662538488981386,0.29893949962092914,0.3338887215918598
169,20,0.25221199060897803,0.3010261858260608,0.341878288925556
170,20,0.25242346991153924,0.30055029463271626,0.33068023580053674
171,20,0.22925079189168673,0.2815644432991398,0.3257706615904416
172,20,0.22957790513647933,0.27979094837973245,0.3211432551360572
173,20,0.23373350479432997,0.28531701990005554,0.3174546278244801
174,20,0.2380726488361871,0.29198735613855276,0.3349514329335341
175,20,0.22550831342582292,0.283463035613803,0.33193239150025733
176,20,0.17360555155692087,0.2387280739804705,0.31928342034036705
177,20,0.1879025140927392,0.2512737788792646,0.3308239265143509
178,20,0.19149499792525956,0.2543619968218505,0.3252101292474374
179,20,0.20914020695540922,0.2669750821243823,0.33882687331922795
180,20,0.16520341985508,0.2252328776105981,0.33142552625810134
181,20,0.18351485409941218,0.23827848904183213,0.34604587243923624
182,20,0.1832746723958288,0.2384306074896086,0.34522894406275606
183,20,0.1696314452743568,0.22530072873855506,0.3484796293258435
184,20,0.16637492623324338,0.22140604595594912,0.33823539191305274
185,20,0.17047348893938225,0.2231152282386583,0.32735831932334575
186,20,0.17302986305155,0.22683729168927366,0.3301287678088887
187,20,0.15168469146978,0.2155284361170582,0.3264403123304532
188,20,0.15268555825309374,0.2128474789140919,0.3211053800345485
189,20,0.14675926697385933,0.20848927725585711,0.32167780994148043
190,20,0.14525256953986285,0.20663137652293936,0.32128959325725853
191,20,0.14221909973598632,0.2063549112003653,0.3300144741246767
192,20,0.16018251967004526,0.21660345568188186,0.3265712198948285
193,20,0.1578708996684253,0.22515769839985314,0.3150876977957786
194,20,0.16190173438681082,0.231034159463692,0.3266861898975029
195,20,0.16869472611535669,0.24178767139884363,0.34136932168474843
196,20,0.18297515852780108,0.2617199238161597,0.33864840400620655
197,20,0.1746257565448192,0.24846402585464014,0.34735613509697566
198,20,0.15655651760815353,0.22321275661794918,0.33810442790517947
199,20,0.1351277922116003,0.20767948781019843,0.33140102722667986
200,20,0.13378109532823002,0.20505942308907849,0.328656245125238
201,20,0.12639548466858092,0.201843267115841,0.3290812900894802
202,20,0.11882568013697999,0.19780924343607353,0.3345399314519537
203,20,0.12114419542307604,0.19451733449527744,0.33297579158985824
204,20,0.1479402299783557,0.21009226583096324,0.33657491138487433
205,20,0.15873064525169472,0.21983504732353856,0.32936146871959376
206,20,0.15687007059937225,0.2172143469717338,0.3274782857089326
207,20,0.1604756100820735,0.22445893875872572,0.33915534629425886
208,20,0.19337013509232182,0.258582305665782,0.3493198912280682
209,20,0.2228440014974141,0.28653373158006057,0.354127776335585
210,20,0.22110638477650088,0.283625385382055,0.3450782426247697
211,20,0.2229078939007364,0.2807053604104491,0.3489612959511473
212,20,0.21320375851701448,0.2720518870690984,0.3506729763590693
213,20,0.21954458874527044,0.2804370465299083,0.34641613393266296
214,20,0.21384562964244552,0.2708052070642681,0.34602343587134227
215,20,0.2194127628603036,0.272428216873563,0.3424869399715378
216,20,0.20900145311719215,0.25935236700142905,0.34169439619452435
217,20,0.1929693953090287,0.24470112939426583,0.3379824978325285
218,20,0.19413783651515698,0.24894617724639573,0.3362253916591497
219,20,0.18797407218122347,0.2439502817360443,0.33595961528456897
220,20,0.18411999783019553,0.23923474415609317,0.34501418784277577
221,20,0.18642422010128393,0.24301312998295885,0.3453691158169663
222,20,0.18088763244595113,0.23730164648836152,0.33880483685671825
223,20,0.23933067892882495,0.2951270700654668,0.3485144544816123
224,20,0.24148401615398588,0.292792770612341,0.348071514254736
225,20,0.2059978929516182,0.25917272531765234,0.3401245207010855
226,20,0.21273412032638267,0.26965611273445456,0.3412175992792411
227,20,0.2169955359658613,0.27070959969974734,0.3433326535999204
228,20,0.21962749717903396,0.272702647493813,0.33964001735132193
229,20,0.22034339924813628,0.273907240570841,0.331855289872615
230,20,0.2189220196610578,0.27266394838222346,0.3300802260653265
231,20,0.225347783833575,0.27696564245804706,0.34274964353086823
232,20,0.22673021424181383,0.27457989346205874,0.338796848961807
233,20,0.24348260795925522,0.29196073418736435,0.34314496733158234
234,20,0.23037392733590173,0.2786690277058524,0.3269024878762486
235,20,0.2191300274737966,0.27275947047440724,0.3350326738744194
236,20,0.21519111245527398,0.2662742633628602,0.3496014800287458
237,20,0.217807716643393,0.2723192438261666,0.346404482301675
238,20,0.21001264235467973,0.2644641696957616,0.33238111651058333
239,20,0.2041079355460113,0.2619465886664884,0.3231487981840017
240,20,0.2502710418381118,0.30373078446297846,0.3397745279996683
241,20,0.27196540874318087,0.3178710544109872,0.3287277585105152
242,20,0.2787279136564165,0.32460276678849675,0.32206921732988
243,20,0.25133119442849783,0.2891613191060593,0.3216200952659321
244,20,0.24520593710108474,0.2854000320264837,0.3256034419378996
245,20,0.24826164516688023,0.2902366546150359,0.32261549336526407
246,20,0.24347753125416666,0.28884125421181656,0.32714401830845896
247,20,0.2353605497623095,0.28014419493902065,0.33546967007619666
248,20,0.23171928163700903,0.2749816158772106,0.33136443389456854
249,20,0.2057481282203061,0.25138926342238954,0.3260361412280067
250,20,0.21113906079533135,0.2605834335698498,0.32828762891957863
251,20,0.20535206000977171,0.256585627195568,0.3301788427826127
252,20,0.21174179414133332,0.263181344728091,0.33752741757168503
253,20,0.2559162773694545,0.3035705261004173,0.33956266637435745
254,20,0.2625220546111722,0.31282059866856604,0.34775652681737046
255,20,0.2695983583392845,0.31659282398925814,0.34833838072421697
256,20,0.2536574288403315,0.3041321467518217,0.3465685907411845
257,20,0.25939790841960203,0.30812001907169834,0.3463083914833003
258,20,0.26008194451000277,0.30837674727611164,0.35304987994059034
259,20,0.2572439610006469,0.3058770682624604,0.34936417709870915
260,20,0.22999691661246663,0.288554398214774,0.33846625547810116
261,20,0.21051127558162677,0.2680889757987418,0.33056917813691844
262,20,0.2002251261310758,0.25764112513438236,0.3355342558805414
263,20,0.1954182294314113,0.25253698635619765,0.3183809193196513
264,20,0.21105423478859595,0.26162814277189955,0.33593724404092795
265,20,0.21522490073872133,0.264614428221458,0.3382039102955883
266,20,0.22211933958264887,0.2686658353786272,0.34094025661845434
267,20,0.22654944757239673,0.2761267793113181,0.330609564825681
268,20,0.22303377426312707,0.27150600701853306,0.32762637742012735
269,20,0.2334000885101462,0.27985361599422176,0.3209685021364518
270,20,0.23390217519932174,0.2797407521577108,0.3227807322463876
271,20,0.24584124158703716,0.2941732604770807,0.3224918426715172
272,20,0.22484716670024477,0.2721720394648451,0.31961954708647866
273,20,0.17511720958479035,0.22906768708746442,0.3117324944014077
274,20,0.1612044689353257,0.2127848921552575,0.3068743156877194
275,20,0.1655027660024383,0.21379432789095978,0.311915148036057
276,20,0.1669797680303228,0.2172896771394033,0.3095375554508955
277,20,0.16826992284199185,0.21724451847118362,0.3099050154570337
278,20,0.17041999767598964,0.2185939097135392,0.3097894893532842
279,20,0.16880636586766673,0.21582023841139159,0.30836171468726287
280,20,0.18320152762665892,0.2285255522662678,0.30479656246036274
281,20,0.2192316187968928,0.26701853148285987,0.3310680849002383
282,20,0.21733885830711117,0.2657841848050681,0.33068968957554296
283,20,0.20279568212949234,0.2522352824961751,0.31911223011829454
284,20,0.19001562305433584,0.2503081808757346,0.3192713499880356
285,20,0.21926400511084396,0.274638531816095,0.3205524540254838
286,20,0.21700583986275349,0.2699530486584784,0.3232152057024768
287,20,0.2111378352463459,0.26587463138566997,0.34237477317628956
288,20,0.18712216776191495,0.2565447693002778,0.3277162262148378
289,20,0.21517992037640807,0.27858604441296336,0.3270636788920818
290,20,0.21605659971961527,0.2794085225745334,0.3407396214513054
291,20,0.21703654407901482,0.2867065028538441,0.3414682962307721
292,20,0.22838320810541732,0.29378206230961446,0.34839018164613406
293,20,0.23634760894033968,0.29422351172150185,0.32829389212653215
294,20,0.24694623007480088,0.30561125549664997,0.342530633142778
295,20,0.2378477278738697,0.2990342641075258,0.3314573084982204
296,20,0.2370257658177532,0.29755952137783653,0.33107210191531733
297,20,0.2629128240328018,0.31733837019452377,0.3500019507480897
298,20,0.26474634113652296,0.31765028344363794,0.3351929690006361
299,20,0.2715420819364424,0.32269100226465247,0.34863911809441067
300,20,0.2498017357383728,0.3009793632344673,0.35234414548431864
301,20,0.22512273237340097,0.28278698900320676,0.33923795381246996
302,20,0.22556166312279316,0.28454564610985605,0.3447608825325816
303,20,0.22457600459361046,0.28578286866862584,0.33540736110374586
304,20,0.22286068480872098,0.28217920402372815,0.34687320666197985
305,20,0.21485448700308918,0.2762153131619225,0.3458739382894954
306,20,0.2079316280249141,0.27088928555188896,0.34069256108401
307,20,0.20986492084563693,0.2721498694340848,0.33379737014091726
308,20,0.21305806378634845,0.2733120793031237,0.3355880535233825
309,20,0.16848674269626876,0.2267896106777602,0.3289765253187866
310,20,0.16840898520662761,0.22864666252810956,0.3142375916623284
311,20,0.17396846017168485,0.2343389712241133,0.3172400878602403
312,20,0.16467700601101756,0.23159005769895308,0.3125756908511613
313,20,0.17782913779110504,0.24049212482299803,0.3204647184688824
314,20,0.17601711510949763,0.2329658448722976,0.324133296616723
315,20,0.21042232276968567,0.26239582538707007,0.33461678442162024
316,20,0.21159954298596725,0.2636904518962501,0.32580188834136725
317,20,0.18518068207641541,0.24191496015804886,0.3167852185176891
318,20,0.19624131817226445,0.24950433364623356,0.325694980295699
319,20,0.18886089610617804,0.24342752906691303,0.32150903891978555
320,20,0.18853612308411027,0.2430055767524449,0.3177310706245047
321,20,0.2253581391752618,0.27064729321695186,0.3238121122050778
322,20,0.24090636275909597,0.29151776526391054,0.32926677228296375
323,20,0.2464648103097385,0.2952863526526664,0.33213159784817753
324,20,0.25443640990198446,0.3058438711589992,0.3494699217101677
325,20,0.24272201494440496,0.29213568419800773,0.35130433918500803
326,20,0.2415900212088438,0.29159700336378086,0.35375361232934105
327,20,0.23861991396930757,0.2881573742882064,0.35023002417779164
328,20,0.24031802050574622,0.28896032122323323,0.3586887459464418
329,20,0.23774947333562851,0.2867822143194987,0.3563487176376928
330,20,0.22074514179803387,0.27584570302298883,0.33412951076037256
331,20,0.24637288804837926,0.3011192159237801,0.35071726024184413
332,20,0.2501693037359191,0.301928456307089,0.3719508572844648
333,20,0.2318707590569068,0.2876432208410793,0.3616107599977433
334,20,0.22950243224582093,0.2890123824367503,0.35783998386626803
335,20,0.1965483149440965,0.25358048594121135,0.35212950976571994
336,20,0.19698413098654008,0.2539130644470688,0.34623834426137945
337,20,0.19541387468048294,0.2544064243327338,0.346212093163069
338,20,0.18527209675867382,0.2517809631729273,0.34608668685324495
339,20,0.18015271794190446,0.24981395661825825,0.32841244826433075
340,20,0.19891327814873083,0.2641667798212595,0.33206349822555675
341,20,0.1863126854686681,0.2549972296906412,0.32983938199812574
342,20,0.24828986920428428,0.2979709482295219,0.3322064513244336
343,20,0.2629150055111906,0.31077778474677564,0.3343918556633275
344,20,0.263763873111217,0.3140517955404761,0.3352111159820017
345,20,0.26019601316075297,0.3103556930783,0.3262542450216386
346,20,0.2605393757421857,0.31026351951678965,0.3249674129632679
347,20,0.26171514959539083,0.3118928460704501,0.33337612355528073
348,20,0.25890219337039455,0.30798492384233683,0.33330794092116445
349,20,0.2734776812619579,0.3249019429265121,0.3323294226808609
350,20,0.27439920164281056,0.32396631295917877,0.3403891756579935
351,20,0.2570700185387626,0.31391345146955646,0.33291510192407126
352,20,0.2584925041837948,0.3122955593557735,0.311860098285735
353,20,0.28936210232864623,0.3490384294166255,0.3344484975894224
354,20,0.28419053692369384,0.34482761941827633,0.33765336852174294
355,20,0.3052491324174635,0.3576367781497887,0.3389166087921714
356,20,0.3065573908726704,0.35872536429166274,0.34216630772197865
357,20,0.3198568663327776,0.36612760363093166,0.3419859697121329
358,20,0.3454101867703227,0.38598497212147725,0.3575593922108497
359,20,0.34451712156153946,0.3850062615981069,0.35969821013130565
360,20,0.343039949130588,0.38673717001221414,0.35125667605790517
361,20,0.33838444345238866,0.37811079967971906,0.3458140699496263
362,20,0.26457089705976633,0.3159165789566043,0.34416681687616646
363,20,0.24444321397384217,0.2923512200488308,0.3358694797710097
364,20,0.24920937417565514,0.2994152278652804,0.346391442775791
365,20,0.2655348929590076,0.3185237830021481,0.3300278935774025
366,20,0.270554808695716,0.32227593077493677,0.32801806366174646
367,20,0.27226556761969506,0.32511542019492085,0.3293584006590665
368,20,0.27668464526612807,0.33044494116740364,0.32379970368145955
369,20,0.2704947232632661,0.3239262744022736,0.3210348209722887
370,20,0.27565029122659185,0.3294268802399457,0.3212165266712376
371,20,0.24162327960644592,0.3031805399970088,0.32442196644479415
372,20,0.24374526683750697,0.30534450679259056,0.33189632729010715
373,20,0.2179644413901205,0.28707836643162776,0.32810002458899223
374,20,0.21669414116642005,0.2867148273017839,0.33122267099070885
375,20,0.19909559950024927,0.2762245323313048,0.33251284947065674
376,20,0.19989691697738465,0.2761461832771777,0.3235694240480895
377,20,0.1971681550731538,0.2748129486190326,0.3245411548214498
378,20,0.1616395421682792,0.2451868944260336,0.3169183898341343
379,20,0.15799459089635837,0.24325013544673896,0.31069171364639064
380,20,0.1421825051093081,0.2245116706877905,0.30736307627138826
381,20,0.14098855629283036,0.2228032744527918,0.30669481409174515
382,20,0.13157451952872684,0.21575159762596016,0.3074948265727376
383,20,0.11827091764720674,0.1871876368184283,0.3048753124892482
384,20,0.12639892106456532,0.19677278059420084,0.3117442997386475
385,20,0.12147813730079393,0.19828795519313938,0.30819084964003374
386,20,0.11852190450358069,0.19562627017454687,0.3068679165445325
387,20,0.12376690920619146,0.2094567875674474,0.3120586225708542
388,20,0.12703244088330773,0.20835371916566542,0.3154657313597209
389,20,0.1132028066220814,0.19794193177404784,0.3053117843430303
390,20,0.11801494021231577,0.1932076394524338,0.31204664880523436
391,20,0.13434758869391433,0.21197584306108122,0.3136992424603714
392,20,0.13680678752416026,0.21445336682661634,0.3103601220391335
393,20,0.14128189720839002,0.21531229044498254,0.3105214952044274
394,20,0.1646895712745898,0.24259812323349028,0.32884032948760455
395,20,0.15877846197449558,0.23343048294944627,0.3225441087826675
396,20,0.15907777072779986,0.23388757636243795,0.3200794031697347
397,20,0.19406059886028323,0.25821288662406244,0.33130655286689453
398,20,0.2052359269401332,0.26472999957020693,0.33371223656944476
399,20,0.19753158096401516,0.2541213214095446,0.32938178262479895
400,20,0.19466869146072716,0.25427723997750384,0.3291280683163826
401,20,0.20545567606048076,0.2629633390142318,0.33605264677622537
402,20,0.2078069167874282,0.265271726529376,0.3359858931101481
403,20,0.19703392058729044,0.25816646238748503,0.33318592424573623
404,20,0.22892041957953418,0.2785743738264526,0.33673515026434064
405,20,0.24066477149565352,0.2889236392153636,0.3348032648263029
406,20,0.24286750242762956,0.29218532303708566,0.33595411886027565
407,20,0.2548257659994131,0.29768662973129373,0.3357573207659084
408,20,0.2709207486296486,0.31302772567076176,0.34051378841178453
409,20,0.281953838272304,0.3202146109801612,0.3466304627496477
410,20,0.28205712590552323,0.3241634694526916,0.35259450412817134
411,20,0.28923350344653675,0.33187816366913003,0.3533633428430877
412,20,0.2988761373048852,0.3365451353561641,0.342793765886405
413,20,0.31111444790429316,0.34699501232155805,0.34765523101599494
414,20,0.278412859126653,0.31877841038390786,0.3289772917938254
415,20,0.2786336664591343,0.3177389440498925,0.32969391025241546
416,20,0.2848047142290804,0.3248002229324749,0.32923470448438547
417,20,0.23029382674897106,0.2784655249710406,0.3142946439795783
418,20,0.30731671219073703,0.3408490789748626,0.32936359719967334
419,20,0.3096805004439757,0.3432410830367268,0.3280778849464154
420,20,0.31108534274053606,0.3449527462068629,0.32803407523651795
421,20,0.30643526991405656,0.33828692320001225,0.3257172174614182
422,20,0.3164355687983895,0.34836051608216456,0.32283711108879715
423,20,0.3246090540785557,0.35411524959583124,0.3344714510636714
424,20,0.28558081991345285,0.3249451278602398,0.3294545047558997
425,20,0.26894102192256325,0.31061290451124324,0.337331757663077
426,20,0.2718812966139938,0.31430000275167147,0.33093578704465904
427,20,0.26420973879389537,0.3080798991817855,0.3225556829158974
428,20,0.24784356818886533,0.2918316519543249,0.32852591581828783
429,20,0.2718734704595126,0.3133949438549586,0.3313050701418191
430,20,0.26334097105017973,0.30750151049793467,0.34033134676697696
431,20,0.2400113671776418,0.28530055543165705,0.3308286050934316
432,20,0.2278303052482859,0.2796327322929315,0.3438775792477018
433,20,0.21619650666082002,0.271721168914886,0.33817965578262704
434,20,0.21435817961473683,0.2664998050887464,0.33978091961071427
435,20,0.20180609245609793,0.256033217291591,0.3430417794692902
436,20,0.20644160133240727,0.2614976418115807,0.34935849592290646
437,20,0.20924715356622786,0.2647615210102832,0.354138974577914
438,20,0.1370018644448736,0.2015283407655234,0.32134334202613674
439,20,0.13668735768721102,0.19812374292826596,0.3270634076279231
440,20,0.15022903570111085,0.21683884001800705,0.3340017507647507
441,20,0.14842439792780726,0.21198172755267555,0.3317353361368046
442,20,0.14206300371874458,0.2070682218760417,0.3312066348612129
443,20,0.13991169854086413,0.20342583082000965,0.3182124333249744
444,20,0.13448037958542536,0.19751200784466247,0.32360815024807654
445,20,0.14935400051522527,0.21252394978366018,0.3270448171833126
446,20,0.16362071557031355,0.22694175001840938,0.32909554917247325
447,20,0.16311094994801503,0.22568094294111915,0.3318988120209021
448,20,0.15239128772426475,0.21848491225338276,0.3265541287000402
449,20,0.10908963282820089,0.1903899520186066,0.32213909186245876
450,20,0.11192024728879883,0.19076949107516694,0.3161826262029906
451,20,0.11793174024481339,0.1970751720064195,0.3151177314809609
452,20,0.11619410813935477,0.19195421382356156,0.2917105228834794
453,20,0.12071836980496688,0.19852252206868062,0.290260557994756
454,20,0.12344741567057162,0.20825952712055854,0.2949483556567463
455,20,0.12595019117822345,0.21012450889837767,0.2942752129204211
456,20,0.1528282805971567,0.2276826818618823,0.30400799980989834
457,20,0.14656040526123515,0.22347661019894935,0.30079547071146284
458,20,0.17947649829204773,0.24852815336729614,0.31488510577877377
459,20,0.18400851447746272,0.2527156913510499,0.31698178799378374
460,20,0.1612905113685587,0.23250281734855086,0.3009165643758448
461,20,0.1578439935006107,0.23338584924549463,0.3007969995622292
462,20,0.16936932202889224,0.24245920553094957,0.30282085639461614
463,20,0.1762199398726648,0.2538549993447972,0.3039328293662251
464,20,0.2033572624577749,0.2694707883337103,0.29865851190365844
465,20,0.18830920809755722,0.2538431390444236,0.30308867810841417
466,20,0.19304755244629349,0.25837565290117903,0.3046778648343672
467,20,0.19023450204781142,0.25849346711338744,0.30630358681415043
468,20,0.19040931868989303,0.26134530507971593,0.2972081485351653
469,20,0.20741498125813077,0.27505208835859296,0.3049509705162952
470,20,0.20086662900957744,0.27132667240351216,0.3039059042153592
471,20,0.19734406140430194,0.26706863351463306,0.3087858650479168
472,20,0.19254614423651709,0.2626286434081024,0.30982611105322716
473,20,0.18475528940617322,0.2503923779595844,0.3143560559370987
474,20,0.18771246695689048,0.2542091984314922,0.3202406332292136
475,20,0.18671271541621226,0.25057141554166656,0.3057978291219315
476,20,0.17470589645831194,0.24142060226797757,0.3220770021024531
477,20,0.17192341954807888,0.23560628197273545,0.3243963939917694
478,20,0.16445803612122978,0.23922233287345074,0.3147231506131975
479,20,0.16303986198536405,0.23860557551146644,0.31405800062316164
480,20,0.15840880889054684,0.23228639629801456,0.31479870174626007
481,20,0.16306332447643368,0.2353229166655934,0.321218824763878
482,20,0.1697384915457129,0.24290166416410333,0.322504892051697
483,20,0.1627800765947364,0.23714399600548944,0.3229603591093264
484,20,0.1408478216989512,0.21561198794515893,0.3241094328945828
485,20,0.15264490503558212,0.21782352238541508,0.3212867550900045
486,20,0.15013482335192738,0.22015068045710018,0.3162915382720133
487,20,0.1494637941500861,0.21914719571139463,0.3120424797374103
488,20,0.16310023561186365,0.22992228521173474,0.3195196680649012
489,20,0.13583606635139675,0.20604962182092817,0.3201127182066443
490,20,0.1630822931172349,0.2180219872145556,0.3380710184888849
491,20,0.1589074578220101,0.2147798022606999,0.3348636201549839
492,20,0.1719494203376861,0.2237180979128019,0.3383394847606635
493,20,0.17266120971451018,0.22607505609451453,0.3326994570797277
494,20,0.18102006907868914,0.22975279152296343,0.34187164871463943
495,20,0.18340147377521554,0.2327164308665831,0.3464244983981379
496,20,0.1744975649744521,0.22089491783090662,0.3361432035830618
497,20,0.19174903621657072,0.23784929080700512,0.3325568017646322
498,20,0.18972911488416674,0.2392484997684979,0.32490149827680004
499,20,0.1854896703982466,0.24442813980249758,0.34906522490663805
500,20,0.1824863565760707,0.24300308014898628,0.3399738683433106
61,60,0.16284881923788846,0.19866435305886318,0.32704468008400184
62,60,0.15895605174071284,0.19448229251593435,0.32617133342878835
63,60,0.16159031745101765,0.19762253216470882,0.3231771958271631
64,60,0.163564517279171,0.19917024199498845,0.3227732058971851
65,60,0.16170447782434505,0.19702130766604284,0.31951770853554984
66,60,0.1612024962819174,0.1962038897601669,0.3271037809697962
67,60,0.15671162316378198,0.19262889596201896,0.3241874253153633
68,60,0.16127024190568526,0.19748785192347973,0.3238250964144536
69,60,0.15955324313610678,0.19629494022803193,0.3262784298700144
70,60,0.15923598645490317,0.19598825308011478,0.32838766768946803
71,60,0.15803575802730538,0.19496839905036262,0.33182154446556805
72,60,0.15187946540985878,0.18971402078817648,0.3313690000193205
73,60,0.15116100432308835,0.18877176260169204,0.3288448301696191
74,60,0.15129487597798597,0.18873417248091365,0.32793282939787377
75,60,0.15286122471811572,0.1905336892220696,0.32464570297430734
76,60,0.15215365024579083,0.1896182063657992,0.32393259929364066
77,60,0.15275534323979517,0.18910446247832036,0.3219610399155621
78,60,0.15155349566000423,0.18793205104906105,0.3197146376329428
79,60,0.15240622533403367,0.1891429590608324,0.320901180035208
80,60,0.15651369161705628,0.19256824993313068,0.3215216276586045
81,60,0.15796794606872555,0.1937802703343268,0.32655373118632136
82,60,0.15769214677902466,0.19428063274327353,0.3276049685871044
83,60,0.15681365768021305,0.19339936888739878,0.3268916717684332
84,60,0.1624633407149503,0.19980227966199784,0.325422526072598
85,60,0.1627153972372064,0.20033941495276425,0.32883530002124334
86,60,0.16150327424832078,0.19868482283991365,0.33297896277079536
87,60,0.16126574284621767,0.19849290621587257,0.3346259781970755
88,60,0.1673827872143612,0.20403454188993514,0.33534782228812543
89,60,0.1667708085505753,0.20391654260954473,0.33511562238679615
90,60,0.16650717305330537,0.20473128933288487,0.33360730140565364
91,60,0.17056712003479704,0.20828551419269922,0.3339990721226986
92,60,0.17061946735447672,0.20974062189942486,0.3307398256543186
93,60,0.1736521842419599,0.21086256410210305,0.32808537679720406
94,60,0.17354737660384514,0.2105984603500941,0.3228085184434283
95,60,0.17170816082575896,0.20769032219800188,0.32063434438851696
96,60,0.16189370786128443,0.20071530926802597,0.3149327519334468
97,60,0.16235372413363133,0.20245309311152218,0.3158801954486625
98,60,0.16417869197613463,0.20430780797354023,0.31922029498975457
99,60,0.16401297940701876,0.20413738298631734,0.3181054633023518
100,60,0.16401724320757213,0.204671962358533,0.3180682693871981
101,60,0.16272686630671554,0.20287617463005142,0.31235943971770397
102,60,0.16170409233565022,0.20189663542431727,0.31373386076457865
103,60,0.16262315324223958,0.20183207555087102,0.31736530424302406
104,60,0.16002220605612005,0.1990287056695171,0.31834022112442195
105,60,0.16211107686749554,0.20084225177333595,0.3168141657903899
106,60,0.16889897408715354,0.20887415303794474,0.31791271787955205
107,60,0.165722779793233,0.20600467805698583,0.31450870758191435
108,60,0.16450984985159203,0.2048077526750943,0.3178574833532148
109,60,0.15517448944265144,0.19881870064881915,0.31981876183996155
110,60,0.1618297563465893,0.20222002149758078,0.3192729212549298
111,60,0.1593725684149132,0.20034041569070474,0.31959162743032676
112,60,0.1590863100888625,0.20033015126385767,0.31821908912904884
113,60,0.15912957581299514,0.20016173797356862,0.32222500232632184
114,60,0.16818781714832912,0.2060963615306932,0.32018177717427665
115,60,0.18203361256949963,0.2200262762002648,0.32134538475459307
116,60,0.1670658536552931,0.205252443096472,0.3209084338551975
117,60,0.16770267957384727,0.20640661632116858,0.32337464158338924
118,60,0.16791485884009244,0.20713187943867686,0.32162131650179476
119,60,0.1659326990961496,0.2051815886619078,0.31987954802654855
120,60,0.1652637342293317,0.2042594234237299,0.31544406396154695
121,60,0.17028295336313568,0.20855154534527218,0.32038989089468245
122,60,0.16682109505969964,0.20575853897810192,0.3201276940434504
123,60,0.17120593769882553,0.21137374181647556,0.3171648913034773
124,60,0.1686963805046924,0.2098268626939865,0.31628301391612873
125,60,0.17141033116401388,0.21222639222361878,0.3216682028324659
126,60,0.17181343476468097,0.21258337359840065,0.31869960406321945
127,60,0.17719334040895754,0.2186145447052164,0.3209953049917743
128,60,0.17503862813852025,0.21528123059080273,0.32180971709732975
129,60,0.17446550477772413,0.21484050213293218,0.3193035514842698
130,60,0.1750363403285916,0.21503940896495014,0.31898552309739236
131,60,0.17521115724570582,0.21507326742363642,0.31954571926118436
132,60,0.1750020965171382,0.21444882235335205,0.3166811898484377
133,60,0.17714463595018737,0.21639211731028307,0.31938219074284513
134,60,0.17655896825571749,0.2161072193426501,0.3220817698037658
135,60,0.1749744579356811,0.2148566618587299,0.31893571977804513
136,60,0.1755498807031542,0.2162876934397148,0.3229923269981764
137,60,0.1871219686863892,0.2286515477068959,0.32568310575458187
138,60,0.18832569812519273,0.22995003954982263,0.32794053017951663
139,60,0.19060093711064538,0.2327187984240158,0.32516759082977664
140,60,0.18611350420442155,0.2290905678540929,0.32255530302894225
141,60,0.1864409433591822,0.22933012467994235,0.3251712625843622
142,60,0.18800788793215187,0.2299213440238929,0.32614677239515816
143,60,0.1887872083613806,0.23018408932437143,0.3248830530715123
144,60,0.18216295085012738,0.223654751502624,0.32367510235146923
145,60,0.18174973443111772,0.2230801717689111,0.3263530948389083
146,60,0.18722058349311332,0.22742486943772555,0.32600425487420137
147,60,0.195109051636612,0.2346204344543787,0.3236035883816864
148,60,0.19775371097460498,0.235850089536618,0.3243245300464208
149,60,0.19773465462053755,0.23473247280183648,0.3256011911704783
150,60,0.19915973782774968,0.23607607560461677,0.32747280496550124
151,60,0.2048552914003258,0.24217292390100936,0.32942230585861154
152,60,0.19995557638781694,0.23716025437683347,0.3304272266274423
153,60,0.19860582841452615,0.23564773685553297,0.3307191406642815
154,60,0.197553823905204,0.23475494599448596,0.3309794380619419
155,60,0.20489142994746828,0.24100784257921268,0.3308237760298787
156,60,0.22054416102292126,0.25371146144846896,0.3311705551768063
157,60,0.21946670702033877,0.2534511653221783,0.3331880090738091
158,60,0.21837390448819735,0.2531474454954388,0.33179931806159924
159,60,0.21851995530372859,0.2525723358859686,0.332696871816255
160,60,0.23429928460834817,0.2661294919949729,0.33826699541601474
161,60,0.2339586061165792,0.26582989322210016,0.3421057309852285
162,60,0.2334781655540526,0.2657951129558329,0.340579427369061
163,60,0.2371144461474797,0.26842413776366786,0.34257086604340947
164,60,0.23589182870091382,0.26773734803425614,0.34260577790766067
165,60,0.23373257304744566,0.2653652286153762,0.34248192843220293
166,60,0.22800751430575644,0.25949352443074875,0.34216266272281237
167,60,0.23139255533975944,0.26328285934772044,0.3423735949303926
168,60,0.23302091279466536,0.264386330840711,0.33804823804144324
169,60,0.22394730341360253,0.25653374247834976,0.3361892107074082
170,60,0.21882986158749,0.2524565495218793,0.3371755267748723
171,60,0.21754392191366032,0.25104653431577123,0.3380943999723495
172,60,0.21867896921051905,0.2522026699846579,0.33048161088904576
173,60,0.22111390083478866,0.2541532207795193,0.3274183498572342
174,60,0.2120429281105116,0.24601700838364127,0.3250721924039066
175,60,0.2008103972095213,0.23328442113442074,0.32271565685913156
176,60,0.2012350708415139,0.23373023175646584,0.3225423848586973
177,60,0.20878121574258734,0.24136221293244994,0.32493243576191455
178,60,0.21034879895041958,0.24218293301215937,0.3249598552989376
179,60,0.21460007206797838,0.2455183046206251,0.32828917266830265
180,60,0.215458602838855,0.24619175929423978,0.3256850901770228
181,60,0.21334189540871662,0.24452059031014847,0.33526212674369005
182,60,0.2134521010969742,0.24435878047826975,0.34174076839950907
183,60,0.20754526009838262,0.23898860499335764,0.3418897825393402
184,60,0.2082705070278015,0.24022924181389618,0.33925432911498926
185,60,0.20414379861268345,0.23597314870922625,0.3393325788442374
186,60,0.20305776286807045,0.23438356285944184,0.33789705527387853
187,60,0.20096033158432286,0.2329401236639892,0.3366726881375216
188,60,0.20192547312304454,0.23476694132885273,0.33233520267644245
189,60,0.20077203712712888,0.23388572056827825,0.334239771115915
190,60,0.20488604763784163,0.23796964248903685,0.341098935055175
191,60,0.20462259981394842,0.23762400146912582,0.34490539575856083
192,60,0.20768911239764293,0.24021258312693355,0.3424215505716726
193,60,0.20705201304137383,0.24116935790426594,0.340094197650934
194,60,0.20955689250821607,0.24465842158674492,0.34173346600074467
195,60,0.2113839497312232,0.24626474359814915,0.34694838197552513
196,60,0.21775879166363854,0.2525342659281559,0.3396137918261092
197,60,0.20982163529184833,0.24677050592173713,0.3373041529332018
198,60,0.210234211641851,0.24706501645438786,0.33743362170900026
199,60,0.20860067807478,0.2458557384171034,0.33991898078287797
200,60,0.20807739994359886,0.2454100301715268,0.33544064506364357
201,60,0.20733750269641663,0.2447832991530864,0.3342535416160357
202,60,0.20614008376673426,0.2432479715114277,0.33852355057808764
203,60,0.2058273767523084,0.24301384724444558,0.3410425521228808
204,60,0.20731805601383993,0.24402963247468631,0.3443827800104828
205,60,0.21423519026107307,0.24979335603911657,0.3427339460275275
206,60,0.2084110527601359,0.24387234313461956,0.3418385443542468
207,60,0.2000400748163203,0.23534702654791642,0.34485594284189747
208,60,0.1997728695661412,0.23695372872466125,0.34557643219726125
209,60,0.20747591447672264,0.2437384013439548,0.3501435060824631
210,60,0.2084603888131015,0.24388794614094625,0.34483711428838054
211,60,0.19869766119922,0.2351739848737164,0.34551906729303317
212,60,0.19977336164939435,0.23617010068770297,0.3422565269814895
213,60,0.2013623929683165,0.23875166512363036,0.34348109744470245
214,60,0.20187571673983917,0.2396258841721525,0.3436496276662948
215,60,0.20090998726880144,0.23908032771174495,0.3452674832503948
216,60,0.18844011160692428,0.22808929044717063,0.34436029551633357
217,60,0.1878874624005358,0.2272660700181818,0.34252066614467974
218,60,0.1908543460259068,0.2296478287130125,0.34818910704410166
219,60,0.19329124728432698,0.23198381590211017,0.3475708765123634
220,60,0.17861249064796997,0.21781191607644693,0.34944326914015655
221,60,0.1800860772091507,0.21904604582535914,0.34988388811122106
222,60,0.1813595574506084,0.22003363635677256,0.3487660277329778
223,60,0.188796369944297,0.22639381780303705,0.3425369624358907
224,60,0.1898706654362795,0.22621195775118932,0.34268024345362696
225,60,0.18927049228119341,0.22590733580801492,0.3366440268838131
226,60,0.1911093658064735,0.2277749408466494,0.3457964766201708
227,60,0.18519137191780435,0.22160764626136756,0.3455116038457006
228,60,0.19351809064357856,0.22942385519467587,0.3408122525003826
229,60,0.19644789907031732,0.23384977805163368,0.34184198369511465
230,60,0.193825129661539,0.23033957406939262,0.3423505179426596
231,60,0.19640698010599708,0.23264532253462364,0.3418180621661824
232,60,0.1992265919786378,0.23481624833327921,0.34434099724888534
233,60,0.20649152082409453,0.24219097244760673,0.34401111687937097
234,60,0.20430000881862306,0.24043022321613608,0.3429987213598802
235,60,0.20202168486945468,0.23870818878637048,0.3431709711371756
236,60,0.20424534125736143,0.24035941134765618,0.34560660782618374
237,60,0.1988069686098893,0.23481625611324217,0.344875426523131
238,60,0.19679951217815647,0.2324490402006964,0.34438068916590603
239,60,0.19343424026331568,0.22981367818528717,0.34118063936036447
240,60,0.20747150563956185,0.2429714646188592,0.3429000857480548
241,60,0.212042414672943,0.24724392185363703,0.3393896208578308
242,60,0.2149708121133591,0.24965047708949764,0.33993569920619054
243,60,0.2200106893391336,0.2537098985850732,0.34042645407972855
244,60,0.22161979316281963,0.25536041208805615,0.3410731619235168
245,60,0.2206873517145929,0.25435757425026295,0.33912114950747907
246,60,0.22212387346575363,0.2556755395050965,0.3388788340704758
247,60,0.22209494787019377,0.2549988198813484,0.3410313019452492
248,60,0.22470840158380154,0.25746783729686207,0.34255274105863015
249,60,0.2264830422330445,0.2595238483092608,0.34360583898211705
250,60,0.2237792010429993,0.25752982826419013,0.33731784909563356
251,60,0.2232415495655045,0.257015611261945,0.34219416578724376
252,60,0.22464304779535285,0.25810280593629314,0.34432559662204715
253,60,0.2393961836719224,0.27142756348045893,0.3471976322472573
254,60,0.23732748756974134,0.26993947508374105,0.35029745530159695
255,60,0.23869931647738682,0.2713177810627332,0.3482434737654287
256,60,0.23027697485323026,0.262277772422068,0.34843057955966145
257,60,0.22595461888857332,0.25744775325010943,0.3470276041567947
258,60,0.22567632557564704,0.2575608902973275,0.3413712216497456
259,60,0.22396618776846106,0.2561837842921709,0.3414393935474553
260,60,0.2244711051849358,0.2565625995183968,0.34137037112290514
261,60,0.2224657438651067,0.2549253762867034,0.34045044173452527
262,60,0.22264595050536154,0.2549041208126775,0.343004596974825
263,60,0.22636547311964583,0.2584365658944738,0.3386124368007583
264,60,0.22927474838460504,0.2610670523170284,0.34232204600412236
265,60,0.21881258819689603,0.2520303900868545,0.34002832115103904
266,60,0.22089579270402096,0.2535750063212879,0.34121098308372294
267,60,0.2241178386586752,0.2563104785626041,0.3412052264199344
268,60,0.22420582126692049,0.25632827265289765,0.34195204778694277
269,60,0.22544758281091248,0.2572522863361063,0.34208528683823425
270,60,0.2276450111748619,0.25954541941941867,0.3378537318798375
271,60,0.2294914789536191,0.2608434503098707,0.3391377374770801
272,60,0.22680032408559014,0.25799934958652226,0.3402009821089154
273,60,0.2252827887641213,0.2568887296278344,0.33928451521851727
274,60,0.2226095953148403,0.25498754560765857,0.3352820908153911
275,60,0.2239241472338785,0.2559895393659754,0.33326404018244327
276,60,0.22082660509534988,0.2532872877911798,0.33236532509340194
277,60,0.22158059878187825,0.25400534071933817,0.3317584618074362
278,60,0.21828473093707562,0.2522905027820064,0.33147388024064117
279,60,0.2160438154865437,0.2505388690778905,0.32967605390048493
280,60,0.22275732498272582,0.2575117613211027,0.331413176239759
281,60,0.2306433345341625,0.26563618836881586,0.3343216044130518
282,60,0.23048587003318655,0.2651504238113819,0.32959374517224016
283,60,0.21391342251467288,0.2488047644856997,0.3249196052902953
284,60,0.21167960494192722,0.24777666724584177,0.3252783437528678
285,60,0.2217555940167483,0.2564875375268933,0.3321372737974679
286,60,0.2214494750871885,0.2560914534205143,0.33095341763263614
287,60,0.21976377579044765,0.2542267522018153,0.3317845588488972
288,60,0.2121035238069922,0.24709892166323066,0.3353161054535871
289,60,0.22191760656710563,0.25453388775831653,0.33806651006519495
290,60,0.22452210294244615,0.25945522625396544,0.337056096477539
291,60,0.2250134083028002,0.26070201187842834,0.33571664544874535
292,60,0.22632326731384575,0.2618007189392694,0.33509001333167576
293,60,0.22298168317041855,0.2579118098855022,0.33543245046089815
294,60,0.22765115387268764,0.26292351392228336,0.3355157931669016
295,60,0.22984129133005693,0.26536616525161705,0.33417625364734505
296,60,0.2257136740909605,0.2618155196317452,0.33236211525491915
297,60,0.23497849066718876,0.2701004878068773,0.3355085494875692
298,60,0.2328742724210444,0.26778820920060314,0.33602198055855587
299,60,0.23369105303306223,0.2683489737528168,0.33895625498643084
300,60,0.22184187402876937,0.25712311109851194,0.3405453334139789
301,60,0.21363768315620443,0.25009187492400264,0.33528991053831175
302,60,0.20953718658525,0.24704746083053714,0.33961708601501367
303,60,0.20226663011535154,0.24078433880232836,0.3391363022309588
304,60,0.2019569400480853,0.23866778954450618,0.3401018313720094
305,60,0.20914594453805269,0.2457774932255119,0.34429134636452463
306,60,0.20784859063739983,0.24469470685622255,0.34509494702170473
307,60,0.20802225977909222,0.24539387398196125,0.33895687548187897
308,60,0.20401106190620044,0.24220187496413156,0.33583697974443966
309,60,0.2035366375840519,0.24158809033641265,0.33457792708163686
310,60,0.2057700210426474,0.2430110410838482,0.33523472561599194
311,60,0.2105899162715384,0.24856376834798405,0.3362521693757838
312,60,0.2069803571582893,0.24554596137960621,0.3371952704158244
313,60,0.19641394769689768,0.2357151723075993,0.3320126752300506
314,60,0.1948726040146853,0.23206830066105022,0.3302812349566352
315,60,0.20435040509749008,0.24095322828213106,0.33133026377883157
316,60,0.2043287716703869,0.24083085373745153,0.33012886032855326
317,60,0.2046515126032772,0.2416774281935185,0.3314889700043537
318,60,0.20704229358134968,0.24310057382081604,0.32883052283565095
319,60,0.20836289999629776,0.24483508402166057,0.3340477692807808
320,60,0.20695491782600076,0.2436912232431831,0.3350926945492412
321,60,0.21664123599227503,0.25146083988610185,0.3350780256589312
322,60,0.21903617791260563,0.2545268506248303,0.34393874858078366
323,60,0.216119174182981,0.2518990754473085,0.3458145970073202
324,60,0.21803575017214308,0.2550783506728869,0.34691796112715123
325,60,0.22070479337558188,0.2572091014850923,0.3468257950698391
326,60,0.21666243609571745,0.25436895248966046,0.3461094837486801
327,60,0.21527533765988116,0.2534909568730796,0.3438591061056472
328,60,0.21125197255532976,0.2509430084085588,0.3432042567036399
329,60,0.2034917872270208,0.24535114958444926,0.34513756278636337
330,60,0.20109839659770806,0.24138543770081844,0.34270283566133236
331,60,0.21292823002167463,0.25326759683726147,0.3491914943463331
332,60,0.21539684201095596,0.2550354559884433,0.3488477300700001
333,60,0.21539770493526342,0.2531062557634995,0.34890786534200624
334,60,0.21679043126584788,0.25439081333571534,0.35223220392404025
335,60,0.21171897262206482,0.2504365727741085,0.35235134934734513
336,60,0.21222902032335259,0.251254397020332,0.3547115695543041
337,60,0.21235403129985683,0.25087888991077145,0.3505464770875887
338,60,0.21277356346414567,0.2509809514895361,0.3496732953039042
339,60,0.21338633595170878,0.2520550325673688,0.3470585241444002
340,60,0.21450634816231032,0.2522490908809973,0.35030900869007375
341,60,0.20844159473536839,0.24597216753492082,0.34691264556148904
342,60,0.23192191075875826,0.26621748444481824,0.3453270694672392
343,60,0.23691363211753005,0.27108420187065874,0.34716509718825006
344,60,0.24329234124229845,0.2771535185041278,0.3492753330685843
345,60,0.23538665722133548,0.27014965203538643,0.3491992355159669
346,60,0.23307171276917776,0.2678727727254162,0.351758669609141
347,60,0.23342265633488737,0.26800098273861805,0.3538039491549206
348,60,0.2337388606382256,0.2679321610206961,0.35355402420910065
349,60,0.22232642700029687,0.25732442047366205,0.3499853221833771
350,60,0.2180860890368346,0.2536085713640639,0.35180233185926607
351,60,0.22395147206546978,0.2580947176436581,0.34798780669263957
352,60,0.22343496177651137,0.2574127537489721,0.3491835478678031
353,60,0.2295901905406943,0.2648163699847597,0.3529844896120365
354,60,0.22721858895091485,0.26144715665867274,0.35321991948961745
355,60,0.23284644280171304,0.26576293250840827,0.35058312912192807
356,60,0.23353519830496805,0.26641530808445857,0.345811386164177
357,60,0.22961806494756265,0.26243112184147604,0.3445791533691112
358,60,0.24047737000254532,0.27233601722797246,0.35279391542786864
359,60,0.23904188188836958,0.27118239415972684,0.3571669247581471
360,60,0.24445406961275623,0.27725099724020397,0.3564899420673472
361,60,0.24487883323738596,0.27763522225925236,0.35680901857686964
362,60,0.2473465729080963,0.27979159760615063,0.34904025196759086
363,60,0.2531951990601833,0.28561805925200673,0.34665122368418266
364,60,0.25525881638531955,0.2881205415554629,0.3457281961696063
365,60,0.25226696351781636,0.2845407289835725,0.34393860872247006
366,60,0.2537765878515395,0.2858323187190866,0.3431929365710117
367,60,0.25333998986939266,0.28564215367735674,0.3435949261208427
368,60,0.253571723161523,0.2857467455973343,0.34196158609461136
369,60,0.255685936680243,0.2881191974655452,0.34243173749694567
370,60,0.25212443913412413,0.2851880541407222,0.34066137612269226
371,60,0.24780512739080815,0.2807006060065338,0.3401785728171014
372,60,0.24888430335445746,0.28231773124505144,0.33911971608227537
373,60,0.24293458836546256,0.27685508233574163,0.3372613659886604
374,60,0.24405993402449436,0.277783762495282,0.3373061174332318
375,60,0.23371304954353458,0.26763606104215654,0.33728863458466896
376,60,0.2337019384852605,0.2677637515835601,0.33796497152202426
377,60,0.2354606945100236,0.2693314651368034,0.3378559567990771
378,60,0.23245191738426274,0.26727871295345973,0.33974562166544126
379,60,0.23070731584156706,0.26611912758380774,0.3323819046165086
380,60,0.23371890412588697,0.2686046772058026,0.3292061590168412
381,60,0.225251722391386,0.26135428629785656,0.33512695846438967
382,60,0.21996770509543845,0.25670706242559876,0.3370335515097338
383,60,0.22426892970836906,0.25980269560341,0.33655706445832806
384,60,0.22343922823562012,0.2601097207380923,0.3360572240538711
385,60,0.2210925601707555,0.2583217582883751,0.3358426524447663
386,60,0.22154556319360164,0.25849782201098914,0.33545365648363396
387,60,0.2215742136296838,0.25910591684162904,0.336183328402874
388,60,0.22105174271291644,0.2574609474092385,0.3352150741564071
389,60,0.2205320344676638,0.25712029842956097,0.3272144979250319
390,60,0.22328903319948895,0.25870408371281534,0.3287387550063174
391,60,0.2127150101420078,0.24993228961644307,0.32126114653330473
392,60,0.2135775646103487,0.25017553519568125,0.3296809520958533
393,60,0.2141028542768623,0.25069901635698016,0.32856048101326796
394,60,0.22537887393318767,0.2623605708866275,0.33528601515854944
395,60,0.22680434454634013,0.26325078495631826,0.3373739827709132
396,60,0.2261154371362753,0.2625681221044205,0.33630581481685484
397,60,0.2404455258037088,0.2763045973944519,0.3400283366997083
398,60,0.24176375021311153,0.2774720614551629,0.3402046683513751
399,60,0.24154731279528616,0.2769883409567955,0.3386907288292597
400,60,0.23575746544112364,0.2719507648207143,0.3412698009972141
401,60,0.23626748452078974,0.27252442703851926,0.3426792760219301
402,60,0.21043265479109385,0.2509225188557524,0.3406934754196614
403,60,0.2046753163218369,0.24578332136942035,0.3349310433590675
404,60,0.2097565069117281,0.24956861971874855,0.333879904640089
405,60,0.21580503773623394,0.25494879731820136,0.336303519763437
406,60,0.21472323137421895,0.25382370386670516,0.33532293693127896
407,60,0.21735207040151133,0.2570480721153014,0.33945637179454957
408,60,0.22601111698165235,0.265621062110701,0.33760587427593436
409,60,0.22461582748199727,0.2632318826234699,0.33597013374620344
410,60,0.22637858650911927,0.26484791402526064,0.340789151213449
411,60,0.22361743477800045,0.2627078668592605,0.33908260453600386
412,60,0.22826745375674898,0.26619395816076946,0.3371597715781018
413,60,0.2229085905609079,0.26028949254328465,0.33697270748273667
414,60,0.2219272003100842,0.2601592714736688,0.3359617625081121
415,60,0.21650435131773368,0.25570369905738244,0.33538948357399684
416,60,0.21662449212438364,0.2562301153721622,0.3363497701580914
417,60,0.2119837913184713,0.2510324873569741,0.3332491826874366
418,60,0.22369713001122632,0.2610712518203789,0.3301740034956877
419,60,0.22323313526865068,0.259341049489818,0.32604110868222247
420,60,0.2196135019546562,0.2556173329727717,0.3318633784446501
421,60,0.219606449346311,0.25562014878940614,0.3307288282310125
422,60,0.2195738594258722,0.2562521312731492,0.33064506913145403
423,60,0.2157088344958913,0.24912084622489256,0.3292082252631984
424,60,0.21420040381691016,0.2481240670071373,0.33137679571804673
425,60,0.21174270768449702,0.24594299985368656,0.3328352385790294
426,60,0.2113771150868498,0.2453191356933282,0.33488953746100103
427,60,0.2120671606573524,0.24612655944606648,0.3346129447197061
428,60,0.21420369688314614,0.24866713999817766,0.33378686992653234
429,60,0.22108090729515104,0.2542682860853583,0.3336184612079827
430,60,0.21996290644887634,0.2539956793882423,0.3321904506112019
431,60,0.2196005855821072,0.25411266040156794,0.3327049283143905
432,60,0.21861148479943665,0.25374524639292667,0.33564483269552314
433,60,0.21993373691490795,0.254756232640813,0.3328347072005011
434,60,0.2154522169079483,0.25052614280658986,0.33581891846259876
435,60,0.21312712024795455,0.24756016262891084,0.33464155370706317
436,60,0.2135840709305521,0.2483075844407418,0.33688032172785703
437,60,0.21422447579526135,0.2488635863592338,0.33418462440032687
438,60,0.2147211193266365,0.2489385280785388,0.33691879873471275
439,60,0.21432712656544192,0.24704016764197126,0.3305916376850408
440,60,0.2207276301245,0.2523559241691467,0.33081360894447853
441,60,0.221147070545219,0.2523218632551694,0.34124209344741985
442,60,0.22247080090416668,0.25366031896045405,0.3363726200905401
443,60,0.21917378069451027,0.2504192448270778,0.3345340651477461
444,60,0.21420829624925622,0.24577995050330312,0.33340326690829936
445,60,0.218399749150352,0.2500400738435426,0.3323213023298734
446,60,0.22375965061822314,0.25636727591876507,0.3343274467658365
447,60,0.22482391059147264,0.2562522941225566,0.3342376122487675
448,60,0.22415987428585055,0.2561967698433052,0.3305652381032219
449,60,0.2253346748297401,0.2569124108937132,0.33062988260542603
450,60,0.2271176764547378,0.25836141540635094,0.3328375248827154
451,60,0.22365084029930818,0.25483235277750793,0.3315495590616939
452,60,0.22226192595895314,0.252900305889841,0.33350903225665934
453,60,0.2245125598006582,0.25461243586025817,0.3286268749525578
454,60,0.21142653605601694,0.24217314578997484,0.3239846202088882
455,60,0.21102532663651194,0.24206628721184115,0.3241412868676483
456,60,0.21664880618264956,0.24825294528070932,0.3309916897862816
457,60,0.19915091685348332,0.2312808156080812,0.3248073101753195
458,60,0.20658093670363853,0.23870334493737022,0.32985346290136514
459,60,0.20796716305422616,0.24012665098837455,0.3299206777376609
460,60,0.2078494279111229,0.24014356610802626,0.3307129746886885
461,60,0.20494259325578906,0.23610279817654237,0.33325988008017
462,60,0.20851213141962613,0.2404864352126895,0.3267380655440923
463,60,0.21154569902996115,0.24432819481858126,0.3269438368103783
464,60,0.20305722368264684,0.2382122674283262,0.3245214179661924
465,60,0.1991711678280556,0.23454563646635554,0.3249452066108138
466,60,0.2051077626307394,0.2391487100582247,0.3305554778023547
467,60,0.20187466067016394,0.23606981936681343,0.3234523382271932
468,60,0.19247663646193136,0.2274804819850864,0.31877408014840486
469,60,0.19829591628912893,0.23174746318903855,0.3246666150532553
470,60,0.19861959553385586,0.2320071992817355,0.32350933433870666
471,60,0.19279852167089467,0.224576041081844,0.3237363261313495
472,60,0.18538320020915328,0.2189329160812541,0.32016963406982846
473,60,0.1811824021270585,0.2153906518518644,0.3218058115207911
474,60,0.18115407159068164,0.21550985286966343,0.3210090789535402
475,60,0.1801762358515246,0.21491656106268964,0.32099762094716167
476,60,0.18212809778797273,0.2170768722928005,0.32221930934200294
477,60,0.18063053020510134,0.21548805433442605,0.32456435844405795
478,60,0.15833014695073716,0.19883682177682385,0.31631834016637433
479,60,0.15878073663713899,0.1992057352334777,0.3171115829923052
480,60,0.1533862780888496,0.195253644681011,0.32308061957715645
481,60,0.15541781214784234,0.19647876027867006,0.3200145792069606
482,60,0.15814638115400154,0.19870101911681995,0.32528398955722204
483,60,0.15658599505622456,0.19710469213255594,0.32380001696253874
484,60,0.15496133632028886,0.19513074652009707,0.31895773846809605
485,60,0.16005729552388537,0.19923072483162835,0.3200868939485412
486,60,0.16314958989912484,0.20264829852391755,0.3201417026091345
487,60,0.16252838079530452,0.20247080634773695,0.3206229836300368
488,60,0.16340099933503566,0.20400041215298337,0.3190434269480668
489,60,0.15181100836294664,0.19434335286291146,0.31060148625767536
490,60,0.16090090106500649,0.2009465402062077,0.31893651399076967
491,60,0.16160058214182738,0.20156518720253894,0.3207894650139585
492,60,0.16249960859406207,0.2017053437906173,0.3281530983156494
493,60,0.16297660691390392,0.20280533026569503,0.32670807731610907
494,60,0.16672086228536437,0.20605186791618854,0.32251089913120934
495,60,0.17122287696832922,0.20957980351740033,0.3122099364641878
496,60,0.1705301388146139,0.20874176822367982,0.32469949049661667
497,60,0.1742594893609785,0.2122024574362499,0.3252355918751579
498,60,0.17833040821602134,0.2163281749057119,0.3277329658265472
499,60,0.18043140470786329,0.21781377255516077,0.3232224317114277
500,60,0.17210671532757302,0.21009064370563602,0.32915748956880886
121,120,0.16572537568481505,0.1962835766460949,0.32360378500576137
122,120,0.1621980672145166,0.19324263317469365,0.3236574680709685
123,120,0.1656595840104406,0.19685846874960425,0.3175291770491376
124,120,0.1654691459601686,0.1968510969434302,0.3203968167480966
125,120,0.1659054642397062,0.19706182391196603,0.3201918625505706
126,120,0.16595254122713365,0.19709103688223828,0.3198393913759388
127,120,0.1667910471994258,0.19853073382060799,0.31867694878723574
128,120,0.16751401849906022,0.19921049009558026,0.32153399386731973
129,120,0.16653907345609084,0.19837452024114896,0.3195342248892388
130,120,0.16663436772208537,0.19843228264868787,0.3216897925213959
131,120,0.16601081647598007,0.1980068220129942,0.3229601479348141
132,120,0.16284901169990956,0.19529551970001094,0.3222449553810491
133,120,0.16374925914862526,0.19584874848140768,0.32262646909405424
134,120,0.16369320320112074,0.1956101584467605,0.32313924223937457
135,120,0.1637664397308546,0.19573800267828217,0.3232318967828851
136,120,0.1638717690407717,0.1959445987396959,0.3225115786194692
137,120,0.1706352462120468,0.20269364210817428,0.32081860250672156
138,120,0.17065202519667616,0.20273943377416612,0.3219219013295494
139,120,0.17228827130830626,0.2042719267082736,0.3214453982394306
140,120,0.1725811137706931,0.2045835559403924,0.3220632541966931
141,120,0.17281934879441405,0.20466410461384113,0.3216173397499296
142,120,0.17265474361069777,0.20470854034330724,0.32134273558457244
143,120,0.172655950501021,0.2045803290870469,0.322925478875118
144,120,0.17300677808567053,0.2051758099187861,0.3225833534069874
145,120,0.17230718662221892,0.20448701561351318,0.32540284819475257
146,120,0.17375485740008306,0.2059596906126465,0.32724405370210674
147,120,0.1775217211084892,0.20987392321912574,0.32743771963540885
148,120,0.18126377278146025,0.21332907772109638,0.3292887668080807
149,120,0.18086988967709758,0.21297772632776338,0.3305483045051009
150,120,0.18134775975975992,0.21349562144083062,0.3290795538177382
151,120,0.18589504377840985,0.2179028608058516,0.3275605054947763
152,120,0.18344628538179011,0.2160639686799503,0.3268556062207072
153,120,0.18402065646416735,0.21654635751114165,0.3269980394040015
154,120,0.18331413768946728,0.21601939211720197,0.3269472549687142
155,120,0.18626751274665626,0.2184389599995578,0.3267421844626354
156,120,0.18960134492998926,0.2212491410717255,0.3276287670126702
157,120,0.1895036077954114,0.22158686115455256,0.3271222572928286
158,120,0.19006076000087221,0.2221248889316576,0.3293347550708456
159,120,0.18959275343649423,0.22170975291211575,0.3295832598408373
160,120,0.1977208105198489,0.22883886227461103,0.3305952899540351
161,120,0.19742500439680408,0.22847401288501615,0.32629126491945615
162,120,0.1967277486962257,0.22789464714268295,0.32846093211091376
163,120,0.19935856482726277,0.2298352418342071,0.3293159807261341
164,120,0.19753211041132673,0.2281387448158296,0.3300362745023919
165,120,0.19821735989964454,0.22889679702247318,0.33067202323615413
166,120,0.19826301224264437,0.22915733492644116,0.3299418979630425
167,120,0.19858439246574675,0.22979183923839389,0.32791633171277107
168,120,0.19908482586854115,0.22990058719629486,0.3266178217751794
169,120,0.1897952474266461,0.2212270625063137,0.3265477806322996
170,120,0.18992572882784495,0.22115505328117904,0.32338550504515257
171,120,0.18808452163767636,0.21959316862448872,0.3218716745114982
172,120,0.1883202832240893,0.2198477294990556,0.3209883496715788
173,120,0.18969306830910282,0.22091511619407156,0.3212032358746353
174,120,0.18886871327637209,0.21992286460974575,0.3202281279057147
175,120,0.18958933495910787,0.22060472136597556,0.32077976557659277
176,120,0.18191064467711848,0.2133192035087446,0.32062984317811294
177,120,0.1859698359558529,0.21739271037306404,0.3241657910293755
178,120,0.18698662928697446,0.2182827054493891,0.3254983468422897
179,120,0.18824136087272741,0.21880497674603994,0.3246988322016229
180,120,0.18847888492617243,0.21896028426088096,0.32241245284298253
181,120,0.19033320884057164,0.22024213043299598,0.32438650262576785
182,120,0.18888747052175123,0.2189151065322357,0.32459109256719093
183,120,0.188650106209545,0.21886359173438646,0.3293558008813698
184,120,0.18794619931261783,0.21868886270742513,0.3280059718258855
185,120,0.1867793247368799,0.21738172991539062,0.3292939212129179
186,120,0.18667292833695015,0.21715888054252028,0.3265820836247589
187,120,0.1880972743316666,0.21863487973228662,0.326943941164465
188,120,0.1876683369967665,0.21798005292712364,0.3248159715001058
189,120,0.1868721721781718,0.21732569590535852,0.32279790172570294
190,120,0.18941727412982146,0.21964980011943025,0.32935978300800484
191,120,0.1895719860059975,0.2197055619775454,0.3302309884476793
192,120,0.19031472524901646,0.2204644177565301,0.32750130267486555
193,120,0.19108188582750277,0.22135203606535672,0.33140012041071487
194,120,0.19273527761690049,0.22347586213684953,0.33137262992608846
195,120,0.19292149130170871,0.2238336678033541,0.3313408709208397
196,120,0.1969411831323243,0.22856395988422404,0.33538108008741635
197,120,0.19856866995302525,0.23007320018142913,0.3347636827239278
198,120,0.19937357671044328,0.2307673975808398,0.33299330176579783
199,120,0.19956353384720107,0.23094699072049965,0.33236508691685634
200,120,0.19697461234917693,0.22843675713165254,0.33305907433718634
201,120,0.19682786531688864,0.22842851659342875,0.33419232833908497
202,120,0.19765225201425243,0.22876176360998327,0.3332224457825572
203,120,0.1978006503514858,0.2288856823949473,0.3326097618924403
204,120,0.1952673709618517,0.22623377253527463,0.33217788592855507
205,120,0.19896621970602976,0.2294901477174421,0.3349227799836383
206,120,0.19856611216360784,0.22883360582636522,0.3344696270033543
207,120,0.19808392892946278,0.2286870084063145,0.3336831155958376
208,120,0.20042864005388672,0.23058487362995297,0.33484848402883477
209,120,0.20381527779926337,0.23338571187598506,0.33505508300057635
210,120,0.20477686308564266,0.2339273800141791,0.33506906833882405
211,120,0.20369593690459606,0.2332003973954912,0.3359766457595473
212,120,0.2015371460938662,0.23104508300679122,0.3362804339068838
213,120,0.20150908568875062,0.2311378497758569,0.33483771472522283
214,120,0.20233594784539816,0.23194955646398113,0.33703833741302575
215,120,0.20380994979426528,0.23385852096199436,0.3381912490611028
216,120,0.20537788178315688,0.23537724368762764,0.33676340563593277
217,120,0.20460372817469655,0.23477269246301613,0.33704450751153925
218,120,0.20495271547369773,0.23480400904578716,0.33714568959176566
219,120,0.20630937098016697,0.2360412827504515,0.33570450973322485
220,120,0.20583707246817137,0.2355452487272385,0.3393452876687561
221,120,0.20630442021328604,0.2360661762331166,0.3385841299860824
222,120,0.20673680405690742,0.23642164913202998,0.33911805929153815
223,120,0.2135972722220098,0.2430714314698074,0.339499167600356
224,120,0.2135062839695639,0.2429950808500868,0.33910344900786965
225,120,0.2117918019734034,0.2410656397551792,0.3353959463594248
226,120,0.21066572313419263,0.23985700666868254,0.33404912060030545
227,120,0.21115952416002806,0.24020755033042107,0.3347855479979095
228,120,0.21500532135337344,0.2438475693749453,0.3371422489907429
229,120,0.21133812175120614,0.2403332930462402,0.3376880815147454
230,120,0.20714012126392808,0.236791628382283,0.33834713470783917
231,120,0.20722555670405374,0.23675499934271435,0.3365362962796839
232,120,0.20852916435488614,0.23786052742757918,0.3358398851735873
233,120,0.21265454391064798,0.24203254585430048,0.33573666436422517
234,120,0.20677039933434657,0.2368029960733775,0.3365904123363959
235,120,0.20030837796784903,0.23017486085801325,0.33581519801923543
236,120,0.20192195814742264,0.23167817239147148,0.3379627690013197
237,120,0.20222842372280464,0.23216630074694405,0.3376450504647544
238,120,0.20211525381456807,0.2318450271670742,0.33645339790596757
239,120,0.20297500436887378,0.23261145180454887,0.33634536059608133
240,120,0.2099874334526894,0.23933874988617157,0.3374273421786615
241,120,0.2105977023579892,0.2401751127105157,0.3375789127362317
242,120,0.21222750402235663,0.24155022238485704,0.33617366802761894
243,120,0.2117290290118331,0.2410631136615814,0.34291293555184843
244,120,0.2129100031432037,0.24248859639918693,0.3418976849497818
245,120,0.21019827754592557,0.23965155501530402,0.34213017773864557
246,120,0.21035071440129205,0.2397629445648377,0.34107241261249244
247,120,0.20936883761185535,0.23873730650047784,0.34336018375014815
248,120,0.21179623146521712,0.24085741377274925,0.3447967279800482
249,120,0.21228678995262878,0.2414608714850712,0.34884056987924766
250,120,0.21299167817096523,0.24238628812654417,0.34830499393920566
251,120,0.21267156948040142,0.24193695555676858,0.350262498513225
252,120,0.21460800346952233,0.2436748833354213,0.3471221111816703
253,120,0.2213087065895524,0.2507651974090731,0.3390204808269
254,120,0.22280456072164354,0.25271064630748347,0.34202007290152286
255,120,0.2243239139570523,0.25402133169886953,0.3413388775208629
256,120,0.22421981891878168,0.2539126016279263,0.34163400262835814
257,120,0.2186081820515487,0.24891294824821486,0.33877253018226905
258,120,0.21905272916093063,0.24938181675422078,0.34059868657942627
259,120,0.2175972122671797,0.24801353985324778,0.3406373240423751
260,120,0.2178388285505109,0.24821417807739868,0.33808786720237044
261,120,0.21721738969702983,0.24757256611776482,0.3357430186822282
262,120,0.21733087833144796,0.24738515499531863,0.33590970955437466
263,120,0.21903290396160524,0.24917413727916263,0.3365529951798166
264,120,0.219410341690716,0.24947976031016406,0.3342762304889491
265,120,0.21969998840659405,0.24965637976745167,0.33626964195617465
266,120,0.21930891957999327,0.24893800447621528,0.33551795155300457
267,120,0.21663657842980344,0.24583919348225644,0.33479852875123917
268,120,0.215415037794615,0.24459928865765157,0.3343492857858981
269,120,0.21817855863016986,0.24699495344280215,0.33599543222156103
270,120,0.21867424460819626,0.24761172622482874,0.3332072658739121
271,120,0.2151229048812202,0.24423311306103,0.3332024713326875
272,120,0.21488463026589555,0.24397173790830734,0.3324554792086779
273,120,0.21400199516831894,0.2436613876325119,0.3369766762457544
274,120,0.21367556643308694,0.2435276506572553,0.3389212389084747
275,120,0.21316089212943837,0.2429529508687973,0.3396349941654728
276,120,0.20572942610507217,0.23601759933581898,0.3376076089158378
277,120,0.20575047769142987,0.23594855866855174,0.3372388032914985
278,120,0.2048785960204916,0.23542294848361303,0.33818124395828036
279,120,0.20512778071654467,0.23582390947383094,0.33307455944097286
280,120,0.20053820681168225,0.23126020838585118,0.3360291823386741
281,120,0.20530853616896477,0.23619335570654318,0.3362837668149231
282,120,0.2060190087476184,0.23676321318230162,0.335971404999332
283,120,0.20344079819141753,0.234360282062352,0.33689175538531513
284,120,0.20365603788546566,0.23455417000533188,0.3387172662293022
285,120,0.2086238762873113,0.23911519831185335,0.335119748333796
286,120,0.21029683865089568,0.24065127369066383,0.3351836226993868
287,120,0.20814034817696567,0.23850793381925886,0.3389436534297334
288,120,0.20636127149084194,0.23698963818607127,0.3401578321433481
289,120,0.21283453165758145,0.2431534200569169,0.33915893972128175
290,120,0.21476958354155987,0.2453380554817432,0.3372103630458416
291,120,0.2159655852577552,0.2467654332345696,0.33928437566125
292,120,0.21774942797461821,0.24829150241355727,0.3383891858769807
293,120,0.2173864113436487,0.24816829283422814,0.3376679682185728
294,120,0.21767161816261973,0.24925786633842542,0.33894413992508843
295,120,0.21795813592654664,0.24971530437158088,0.3400043618096256
296,120,0.2178309126586458,0.2496758118059102,0.3404041583568872
297,120,0.21818414322202748,0.24956913819044405,0.3402761138395104
298,120,0.21694559332097577,0.24823625874356925,0.33973818371438225
299,120,0.21614309679752636,0.24752506394462293,0.33939259767139873
300,120,0.2158169656604494,0.24727195520094297,0.33999721155398627
301,120,0.21300919221315878,0.24513168139997393,0.3363704528824515
302,120,0.21336777913228888,0.2456287815094051,0.3349526547032934
303,120,0.2116308228369959,0.2437700497825099,0.33585974979882544
304,120,0.21195545630580084,0.24353589450965027,0.3375816563475273
305,120,0.21508611920474163,0.24668765758066805,0.3357989774044472
306,120,0.21514528131358368,0.2467472730919877,0.3350708788478899
307,120,0.21483867485584132,0.2463368083440209,0.3352574232572619
308,120,0.21399359778221957,0.24556402529964977,0.3363250780201602
309,120,0.214526827064215,0.2461466645070497,0.33674271826940716
310,120,0.21393427756688224,0.24554165024289945,0.3378881637790865
311,120,0.2159569291890063,0.2476798520638733,0.337203792315201
312,120,0.21513755675434001,0.24708706490278387,0.33580063211846994
313,120,0.2173983084086113,0.24872937366181083,0.3370499257511087
314,120,0.216056997859269,0.24645904455013123,0.33737972020660373
315,120,0.2208967443803082,0.25151906607331315,0.3386792573420185
316,120,0.2167896620571757,0.2465781855638511,0.3349779966218715
317,120,0.21472450790816597,0.24465929348199278,0.33548646504411084
318,120,0.21568018581858303,0.24549210424405687,0.33296261292290247
319,120,0.2154068138614876,0.24546844381306845,0.3332126827957902
320,120,0.21481549313827253,0.2448704561646897,0.33874422419835787
321,120,0.2190668809281553,0.24826762065617014,0.3356823340628399
322,120,0.22050066397731688,0.24973740379653692,0.33785738498747336
323,120,0.22120488316421041,0.2502629646359903,0.3412666252858039
324,120,0.2234484147723555,0.2527703266234423,0.3427495332278055
325,120,0.2196433858196197,0.24932761698954073,0.3414228828212076
326,120,0.2194029701694149,0.24893924544742646,0.34085813276798393
327,120,0.2194473524588612,0.24899749676537464,0.34003600487074587
328,120,0.2172170724872409,0.24682981369617812,0.33853148188506454
329,120,0.21432267281824954,0.24420164192863494,0.3389913200137496
330,120,0.21436580927501062,0.24457748211051597,0.33902910420248283
331,120,0.22083259770169955,0.25115721821450737,0.34120276862364
332,120,0.22088139872299048,0.25131106046128715,0.33976281119030405
333,120,0.22019323719075085,0.2503392109823208,0.3368775366711117
334,120,0.21954791186107492,0.24993520821588827,0.33642516925871657
335,120,0.2173730217781823,0.24794219840537202,0.3419877692086645
336,120,0.21615465165705336,0.24718522274081756,0.34505311178680903
337,120,0.21649312285378297,0.24738559102877652,0.3389788357134828
338,120,0.21512247768182133,0.24685953390188964,0.3387130079522134
339,120,0.2143076617560235,0.2463095927283476,0.33862567986788356
340,120,0.21821886432726342,0.2499328779307425,0.3394447475590412
341,120,0.2186763850069435,0.25007095995632456,0.34164033238844366
342,120,0.2304952249683053,0.260305519589547,0.3409589619211613
343,120,0.2249671166721498,0.2552346548566342,0.3406116198282896
344,120,0.22731000487432343,0.25749522148111115,0.34117734014619894
345,120,0.22774310721593286,0.2580310487467558,0.3417382296659823
346,120,0.2265698868372112,0.25708203956993353,0.34161209492227773
347,120,0.22617728112602137,0.2566103060266675,0.3425806013327996
348,120,0.22268108207744236,0.2530562646357367,0.3417989224942866
349,120,0.2211556748515026,0.2510613133833494,0.34220196652586415
350,120,0.2205672789057981,0.25088570018377854,0.34311785522025545
351,120,0.22341808390496778,0.2535144849623498,0.3434267960607948
352,120,0.22383369627407274,0.2539039006371014,0.34388966198537463
353,120,0.22531961114563273,0.25527463026120095,0.34502552248830765
354,120,0.2261473052635527,0.2557921937249402,0.34667428528311545
355,120,0.22991773650402134,0.25910605266371634,0.3447583259010165
356,120,0.2287489502022754,0.2581415636688225,0.3444305189079256
357,120,0.2309325353829705,0.2603475664019042,0.34744072958050093
358,120,0.23560676286291005,0.26466436671846194,0.34985625047707025
359,120,0.23539382670719172,0.2645785215621935,0.3494015204180037
360,120,0.23232503063253235,0.2622000450793142,0.34895259882483676
361,120,0.2285473372438399,0.2590031039825142,0.3438088376227078
362,120,0.22768000713154948,0.2583591503108014,0.3434508881203952
363,120,0.2271342059145833,0.2587389901785415,0.34217636826378817
364,120,0.22823968440271708,0.259342569070964,0.33945503233822877
365,120,0.23030614519485185,0.26123672660761715,0.3369599273413022
366,120,0.23051948667650968,0.2614579959630337,0.33723471155450413
367,120,0.23024554551406273,0.26141951661441404,0.33755396002326704
368,120,0.22832766861816498,0.25975269848104804,0.3386438008259882
369,120,0.22877276970430865,0.26017256776822256,0.33552897362204664
370,120,0.22822405266868773,0.2595813766353007,0.3328534911562394
371,120,0.22818356837291623,0.25973626235672875,0.33356020903451794
372,120,0.227277026181445,0.2590839296905812,0.332616760312821
373,120,0.21878790314214336,0.25104292530858086,0.3339159819287546
374,120,0.218431482804236,0.2501946809883432,0.3343497459128909
375,120,0.21738338461200596,0.24910516427757087,0.3369354303021134
376,120,0.21732824792011673,0.2490715006962425,0.3355062150326195
377,120,0.21876801832167025,0.2506242724850964,0.33511871443775376
378,120,0.21835032510576183,0.25027685372257624,0.3365874747933673
379,120,0.21819151595659872,0.2503806739678129,0.33705432240451766
380,120,0.2187491770257153,0.2508368258217382,0.3363324936913065
381,120,0.21895103131316881,0.25100200748451423,0.3362618020206677
382,120,0.21765163972594662,0.2499232489622921,0.3370647366147355
383,120,0.21853977591054677,0.2508398053456409,0.33664822168030156
384,120,0.21935964386551424,0.252073553116804,0.33735628087551456
385,120,0.21959557517935813,0.2524195450861344,0.33775866305225816
386,120,0.21788841483311203,0.25097156111012575,0.3369472434080218
387,120,0.2170735618402269,0.2510134106231813,0.3367031686081025
388,120,0.21456450929186754,0.24874232900317703,0.3371185058899124
389,120,0.21069972246678065,0.24553551700777873,0.3357693346074169
390,120,0.21065556116480608,0.24443738445485313,0.3357094511583456
391,120,0.21136361846164836,0.24504358485018135,0.33574353487781916
392,120,0.21299306642027308,0.24660458300487162,0.33477789920446455
393,120,0.21313277373058345,0.24609989177736083,0.3362153912522666
394,120,0.21937681224052563,0.25210827375564493,0.3401939868680108
395,120,0.21803069738120637,0.25112710722575843,0.340452470282983
396,120,0.21783080174080605,0.25100352836262124,0.3399045282688403
397,120,0.22505671246670145,0.2577537087048092,0.3423399189177889
398,120,0.22589948463575033,0.2583824534196774,0.34305431343113063
399,120,0.22631077198147015,0.2588683680393666,0.34439027907012393
400,120,0.22384364564891993,0.2562578880323105,0.34518681638597176
401,120,0.22107742298827138,0.2537947237208313,0.34427961520089995
402,120,0.2203178662269859,0.2528298814509958,0.3432488960116987
403,120,0.22026127832616554,0.25292825330768165,0.3432007698412554
404,120,0.22620800900135188,0.25809098479293247,0.34412250112516407
405,120,0.22456820334145064,0.25700301343035975,0.3420855045374225
406,120,0.22316453747571313,0.2559306659977943,0.3423991696829602
407,120,0.22460594549058646,0.2573273412533761,0.34142942361782774
408,120,0.22924567218216121,0.26166897766803776,0.34228504501004314
409,120,0.22274728024958423,0.25517897235370524,0.34244927039564654
410,120,0.22138701603959487,0.2537282731342178,0.3429597105237453
411,120,0.2226822485860224,0.2548663920273218,0.3415511865564043
412,120,0.2244984487945125,0.25636231447725655,0.34109379893901165
413,120,0.2249254643240903,0.25643170094239104,0.3416487999554579
414,120,0.22332737056601562,0.25461289252891456,0.34167536503755647
415,120,0.22364290969466466,0.25470595427998033,0.341845232120647
416,120,0.22422568258775652,0.25520920879927866,0.3391362716117865
417,120,0.21996696316924183,0.25085922800897337,0.3390884993200797
418,120,0.23244959265311704,0.26217421787121725,0.3421782047556902
419,120,0.23202531790079217,0.2618209642363269,0.34051263574471313
420,120,0.23379951798151186,0.26336512363823616,0.3414978458682391
421,120,0.23411280039925236,0.2635720556304488,0.33993784223954765
422,120,0.23532377790032283,0.26467390174958616,0.34512460273151985
423,120,0.23735923180123525,0.26616728075148266,0.34358942205533277
424,120,0.2364359219236784,0.26590922024754177,0.34246729891955324
425,120,0.23359840830126133,0.26295671242877,0.34330769839321623
426,120,0.23375785282596895,0.2628338879326894,0.34351724375870174
427,120,0.23352334353661816,0.2626631236361821,0.34363154494888387
428,120,0.2346832022414246,0.26369081836244795,0.3386899186694313
429,120,0.2398316042426874,0.2684787974743412,0.33900207757460704
430,120,0.23725455993388506,0.266394987273619,0.3394181303005124
431,120,0.2349238155550381,0.2642980290213245,0.3395360714843793
432,120,0.23490516654896434,0.2644601291052352,0.3412177428615818
433,120,0.2318731964233844,0.26140969954535687,0.3408205468803445
434,120,0.2305634718335859,0.2603883818295691,0.338956323468135
435,120,0.22539458969380147,0.25512746641880385,0.33675383463658665
436,120,0.22542900716828296,0.2551244092617792,0.336865420207438
437,120,0.2261679433067082,0.2557587153869657,0.3372703015030292
438,120,0.22497020898094705,0.25472183977804397,0.3365361220401071
439,120,0.2248134754881523,0.2543629791455687,0.3338732214916836
440,120,0.22898480380418493,0.2580087418804909,0.3367873731846657
441,120,0.22412101843352672,0.25339985627990097,0.33790557113354697
442,120,0.22150225432738058,0.25082723081781105,0.33937703547382064
443,120,0.22223659183889083,0.251058596100853,0.3379524642948457
444,120,0.21846650190269473,0.24712054650891493,0.33984471234244346
445,120,0.21928640733262642,0.24818969645411149,0.33524686496714046
446,120,0.22183198037937518,0.25111946623305836,0.33654689833346013
447,120,0.22234965466378961,0.25157486567827186,0.3370773425397632
448,120,0.22197229947658914,0.2508672579934477,0.3371889878997214
449,120,0.2225724314110145,0.25128835222165496,0.33656495967700917
450,120,0.22397994701443186,0.25239525856873746,0.3367894419356883
451,120,0.21729028651449894,0.24604485506624474,0.34162125401135346
452,120,0.21680128021634382,0.24556941123526418,0.3397270825134589
453,120,0.21784744741055803,0.24691659322894233,0.3384269707746376
454,120,0.21657349703951373,0.245717739756362,0.3367724925605271
455,120,0.21721087724436736,0.24617089210899998,0.33460820486090587
456,120,0.21959636758169632,0.24858816972828576,0.3377162741912826
457,120,0.21885499774642264,0.24797003456387556,0.33733892348975275
458,120,0.22280351005826204,0.25193380117367214,0.3413736175596735
459,120,0.22357635033778014,0.2526284851331663,0.34292713668280844
460,120,0.22038459328506177,0.24978511213374077,0.3423192206933692
461,120,0.21938296423487177,0.24877689988513374,0.3386284629165958
462,120,0.20812778662313844,0.23958545474850038,0.33752883568385117
463,120,0.2068097494998863,0.2384775494674447,0.3356405396157955
464,120,0.2063876737161395,0.23782699936936397,0.3352269272734787
465,120,0.20658480335429538,0.2379566330607837,0.32955181098586056
466,120,0.20868961464577493,0.23978379302128439,0.32956121075173755
467,120,0.2084528929674857,0.23985557415595912,0.33302830171334846
468,120,0.20857129851030243,0.24009982692221776,0.3332259212429941
469,120,0.21101582802161883,0.2419001703171904,0.3367412709983107
470,120,0.21145365638968747,0.24253677079759353,0.3371013667613491
471,120,0.20802924316348564,0.23930276126808203,0.3367445482507062
472,120,0.20645247198156433,0.23812121553006213,0.33300187838955153
473,120,0.2012046969851437,0.23318884396716036,0.32943342368922135
474,120,0.2010808429774958,0.2335199612444632,0.3294458721101076
475,120,0.19841698751113265,0.23112425280892157,0.3295766099654277
476,120,0.19911312239849732,0.23173515817329277,0.3301515134072638
477,120,0.19564370348631496,0.22813157598624792,0.32882233794276555
478,120,0.19090903076587432,0.22440160083129704,0.32974165108860337
479,120,0.190818312108943,0.22385668185682792,0.32897323930570727
480,120,0.18685172447384735,0.21928176286687445,0.32757697414380244
481,120,0.18812181650392895,0.22028501439394077,0.3294347788086483
482,120,0.18953827964666686,0.22194033256455808,0.32905805647201164
483,120,0.18669335328131512,0.21784681485759896,0.32745015335486843
484,120,0.18512184539622759,0.21643110154010264,0.3289642611663949
485,120,0.18626942539876754,0.21735903755762187,0.32862301631917584
486,120,0.18763483722026378,0.21867447199150586,0.3290057376533691
487,120,0.18768062500013238,0.21896343267638077,0.32986731684905285
488,120,0.18949035279923987,0.22053542697304998,0.3295956049570749
489,120,0.18846122931812606,0.21916458191194038,0.3296727579795143
490,120,0.19186568745113872,0.22194964929439262,0.33005691660760533
491,120,0.19206295222664221,0.22224682230153833,0.32943381387655796
492,120,0.19192359706669238,0.22183637430067604,0.3278139982167517
493,120,0.19264316331484221,0.222584609166892,0.3282066115526841
494,120,0.1917728639409566,0.22216712459254326,0.3288315730008436
495,120,0.19248102479330653,0.22249625307987161,0.32947787600156386
496,120,0.19246737155117236,0.22276245984688045,0.3291993145164711
497,120,0.19442237397108836,0.224618808065103,0.32685994106511385
498,120,0.19676479790391818,0.22695011125385978,0.32687214736782666
499,120,0.19812368848186426,0.22749365728657772,0.3278260655228535
500,120,0.19688306000936268,0.2263301437882942,0.32647262183765385
